table	as_iri	label	term_type	source_parent_id	source_parent_label	status	mapped_uberon_id	label_correction	label_correction_reason	parent_correction	curator_notes
muscular-system	https://purl.org/ccf/ASCTB-TEMP_anterior-cervical-intertransversarii-muscle	anterior cervical intertransversarii muscle	leaf	https://purl.org/ccf/ASCTB-TEMP_segmental-back-muscle	segmental back muscle	new_term_leaf	UBERON:9900001			UBERON:0006072	
muscular-system	https://purl.org/ccf/ASCTB-TEMP_anterior-vertebral-muscle	anterior vertebral muscle	group	UBERON:0002377	muscle of neck	confirmed_match	UBERON:0008549				
muscular-system	https://purl.org/ccf/ASCTB-TEMP_articularis-genu-muscle	articularis genu muscle	leaf	http://purl.org/sig/ont/fma/fma22424	Muscle of anterior compartment of thigh	new_term_leaf	UBERON:9900003			UBERON:0000376	
muscular-system	https://purl.org/ccf/ASCTB-TEMP_aryepiglottic-part-of-oblique-arytenoid-muscle	aryepiglottic part of oblique arytenoid muscle	leaf	http://purl.org/sig/ont/fma/fma46583	Oblique arytenoid	confirmed_match	UBERON:0011025				
muscular-system	https://purl.org/ccf/ASCTB-TEMP_ceratoglossus-of-hyoglossus-muscle	ceratoglossus of hyoglossus muscle	leaf	UBERON:0001572	hyoglossus muscle	confirmed_match	UBERON:0008428				
muscular-system	https://purl.org/ccf/ASCTB-TEMP_chondroglossus-of-hyoglossus-muscle	chondroglossus of hyoglossus muscle	leaf	UBERON:0001572	hyoglossus muscle	confirmed_match	UBERON:0011535				
muscular-system	https://purl.org/ccf/ASCTB-TEMP_circular-pharyngeal-muscle	circular pharyngeal muscle	group	UBERON:0002377	muscle of neck	confirmed_match	UBERON:0001569				
muscular-system	https://purl.org/ccf/ASCTB-TEMP_clavicular-head-of-pectoralis-major-muscle	clavicular head of pectoralis major muscle	leaf	UBERON:0002381	pectoralis major	new_term_leaf	UBERON:9900008			UBERON:0002381	
muscular-system	https://purl.org/ccf/ASCTB-TEMP_costal-part-of-respiratory-diaphragm-muscle	costal part of respiratory diaphragm muscle	leaf	UBERON:0000975	sternum	confirmed_match	UBERON:0035831				Supplied parent UBERON:0000975 is 'sternum' — wrong anatomical domain for a part of the diaphragm. The correct parent for a costal-diaphragm subdivision is UBERON:0001103 (diaphragm). The existing UBERON term UBERON:0035831 (costal diaphragm) already has 'part_of UBERON:0001103'.  || SUGGESTION: Use UBERON:0001103 (diaphragm) as the parent. No new term needed: confirmed match to UBERON:0035831 makes this term ineligible for the leaf template.
muscular-system	https://purl.org/ccf/ASCTB-TEMP_dorsal-part-of-intertransversarii-laterales-lumborum-muscle	dorsal part of intertransversarii laterales lumborum muscle	leaf	https://purl.org/ccf/ASCTB-TEMP_meningohypophyseal-artery	meningohypophyseal artery	new_term_leaf	UBERON:9900010			UBERON:0001137	Source-supplied parent label 'meningohypophyseal artery' is wrong-domain (a cranial artery cannot parent a lumbar back muscle) and is clearly a data-entry error in the input. The parent muscle 'intertransversarii laterales lumborum' (FMA:32576 / FMA:32577) and the higher class 'intertransversarii lumborum' do not yet exist in UBERON, so no exact named-muscle parent is available; the dorsal part has been placed under genus UBERON:0001630 (muscle organ) and part_of UBERON:0001137 (dorsum/back) by analogy with other deep back muscles such as longissimus, spinalis, and rotator muscle of the vertebral column. The bone-landmark 'accessory process of lumbar vertebra' is not in UBERON, so the more general UBERON:0001077 (transverse process of vertebra) is used for has_muscle_origin (the accessory process is a small projection on the posterior aspect of the transverse process region).  || SUGGESTION: Curator should: (1) consider adding parent terms 'intertransversarii lumborum muscle group' and 'intertransversarii laterales lumborum muscle' to UBERON (FMA:32576, FMA:32577) so this dorsal part can be made part_of its true named-muscle parent; (2) optionally add 'accessory process of lumbar vertebra' (FMA:34047) for a more precise has_muscle_origin; (3) consider whether a 'muscle of vertebral column' is_a (UBERON:0004518) is preferable to the generic muscle organ once the parent muscle exists.
muscular-system	https://purl.org/ccf/ASCTB-TEMP_dorsum-of-foot-muscle	dorsum of foot muscle	group	https://purl.org/ccf/ASCTB-TEMP_intertransversarii-laterales-lumborum-muscle	intertransversarii laterales lumborum muscle	manual_curation					MANUAL_CURATION: No UBERON term exists for 'dorsum of foot' / 'dorsal region of pes' as a region. The only dorsal pes term found is UBERON:0006499 dorsal pes interosseous muscle (a specific muscle, not a region). Simple genus + part_of pattern cannot be applied without a region target.
muscular-system	https://purl.org/ccf/ASCTB-TEMP_external-anal-sphincter-muscle	external anal sphincter muscle	leaf	UBERON:0001876	amygdala	confirmed_match	UBERON:0001367				Source parent_id UBERON:0001876 resolves to 'amygdala' — a brain region, evidently a data-entry error in the ASCTB-TEMP input. Not an issue for output (term is a confirmed_match excluded from template), but flagged for curator awareness.  || SUGGESTION: Curator should add ASCTB-TEMP source IRI (https://purl.org/ccf/ASCTB-TEMP_external-anal-sphincter-muscle) and 'external anal sphincter muscle' as a synonym to UBERON:0001367. No new term needed.
muscular-system	https://purl.org/ccf/ASCTB-TEMP_external-ear-muscle	external ear muscle	group	UBERON:0001678	temporal bone	new_term_group	UBERON:9900013			UBERON:0001691	
muscular-system	https://purl.org/ccf/ASCTB-TEMP_frontal-belly-of-occipitofrontalis-muscle	frontal belly of occipitofrontalis muscle	leaf	UBERON:0005893	leg bone	confirmed_match	UBERON:0010952				Source parent UBERON:0005893 is 'leg bone' — clearly an incorrect parent for a facial muscle belly. Flag for curator review of the input row, but no action needed in template since the term is a confirmed existing match.  || SUGGESTION: Curator: verify HRA source row; the term itself already exists as UBERON:0010952.
muscular-system	https://purl.org/ccf/ASCTB-TEMP_hamstring-portion-of-adductor-magnus-muscle	hamstring portion of adductor magnus muscle	leaf	UBERON:0001092	vertebral bone 1	new_term_leaf	UBERON:9900015			UBERON:0000370	Source parent UBERON:0001092 (vertebral bone 1 / atlas vertebra) is anatomically incorrect for a thigh muscle subdivision. Refined parent is UBERON:0000370 (adductor magnus), with the term modelled as a muscle head (UBERON:0011906) part_of adductor magnus.  || SUGGESTION: Use UBERON:0000370 as the part_of parent. UBERON:0000370's own definition explicitly describes this 'hamstring portion' as the part arising from the ischial tuberosity.
muscular-system	https://purl.org/ccf/ASCTB-TEMP_hypothenar-hand-muscle	hypothenar hand muscle	group	UBERON:0001677	sphenoid bone	confirmed_match	UBERON:0014377				
muscular-system	https://purl.org/ccf/ASCTB-TEMP_iliocostalis-cervicalis-muscle	iliocostalis cervicalis muscle	leaf	UBERON:0001272	innominate bone	confirmed_match	UBERON:0008546	iliocostalis cervicis muscle	Standard TA2 form uses Latin genitive 'cervicis' (of the neck), not adjectival 'cervicalis'. UBERON:0008546 uses 'iliocostalis cervicis muscle'. Source spelling could be retained as RELATED synonym.		
muscular-system	https://purl.org/ccf/ASCTB-TEMP_inferior-head-of-lateral-pterygoid-muscle	inferior head of lateral pterygoid muscle	leaf	https://purl.org/ccf/ASCTB-TEMP_supraperiosteal-arteriole	supraperiosteal arteriole	new_term_leaf	UBERON:9900018			UBERON:0006719	Source parent label 'supraperiosteal arteriole' is wrong-domain (a vascular structure) for this masticatory muscle head; the parent was overridden based on the child term itself.  || SUGGESTION: Use UBERON:0011906 (muscle head) as genus and UBERON:0006719 (lateral pterygoid muscle) as part_of; this mirrors the UBERON pattern for UBERON:0007168 (long head of biceps brachii) and similar muscle-head terms.
muscular-system	https://purl.org/ccf/ASCTB-TEMP_inferior-longitudinal-lingual-muscle	inferior longitudinal lingual muscle	leaf	UBERON:0001194	splenic artery	new_term_leaf	UBERON:9900019	inferior longitudinal muscle of tongue	UBERON convention (see UBERON:0008582 'superior longitudinal muscle of tongue', UBERON:0008583 'transverse muscle of tongue', UBERON:0008584 'vertical muscle of tongue') uses 'X muscle of tongue' rather than 'X lingual muscle'. Keep source name as EXACT synonym.	UBERON:0001723	Input parent_id UBERON:0001194 resolves to 'splenic artery' — clearly wrong for this term. Correct parent assigned from anatomical context: UBERON:0001576 'intrinsic muscle of tongue' (genus), mirroring sibling intrinsic tongue muscles (UBERON:0008582 superior longitudinal, UBERON:0008583 transverse, UBERON:0008584 vertical).  || SUGGESTION: Verify upstream parent ID assignment; the source row likely intended UBERON:0001576 (intrinsic muscle of tongue) or UBERON:0000378 (tongue muscle).
muscular-system	https://purl.org/ccf/ASCTB-TEMP_intermediate-back-muscle	intermediate back muscle	group	UBERON:0002397	maxilla	new_term_group	UBERON:9900020			UBERON:0001137	
muscular-system	https://purl.org/ccf/ASCTB-TEMP_internal-abdominal-oblique-muscle	internal abdominal oblique muscle	leaf	UBERON:0003690	fused sacrum	confirmed_match	UBERON:0005454				
muscular-system	https://purl.org/ccf/ASCTB-TEMP_interspinales-cervicalis-muscle	interspinales cervicalis muscle	leaf	UBERON:0000979	tibia	new_term_leaf	UBERON:9900022	interspinales cervicis muscle	TA2 / standard anatomical nomenclature uses 'musculi interspinales cervicis' (genitive 'cervicis', not 'cervicalis'). 'Cervicalis' is grammatically the adjective form, but the established TA term is 'interspinales cervicis'. Keep 'interspinales cervicalis muscle' as a related synonym.	UBERON:0000974	Source-supplied parent_id UBERON:0000979 resolves to 'tibia', which is clearly an upstream data error (interspinales cervicis is a deep neck muscle, not a leg bone). Used anatomical knowledge and similar UBERON deep neck muscles (rectus capitis posterior major UBERON:0008454, longus colli UBERON:0001121, semispinalis cervicis precedent) to determine the appropriate genus and part_of.  || SUGGESTION: Curator should ignore the source UBERON:0000979 parent assignment. The chosen genus 'muscle of vertebral column' (UBERON:0004518) is consistent with other named vertebral-column muscles in UBERON; part_of 'neck' (UBERON:0000974) follows the precedent of rectus capitis posterior major. has_muscle_origin and has_muscle_insertion are both set to UBERON:0001076 (neural spine / spinous process of vertebra) because the muscle spans between adjacent cervical spinous processes; UBERON does not currently have a more specific 'spinous process of cervical vertebra' class. innervated_by is the dorsal ramus of spinal nerve (UBERON:0006839); a more specific 'medial branch of dorsal ramus of cervical spinal nerve' class does not exist in UBERON.
muscular-system	https://purl.org/ccf/ASCTB-TEMP_intertransversarii-laterales-lumborum-muscle	intertransversarii laterales lumborum muscle	leaf	https://purl.org/ccf/ASCTB-TEMP_segmental-back-muscle	segmental back muscle	new_term_leaf	UBERON:9900023			UBERON:0006074	
muscular-system	https://purl.org/ccf/ASCTB-TEMP_intrinsic-eye-muscle	intrinsic eye muscle	group	https://purl.org/ccf/ASCTB-TEMP_posterolateral-spinal-vein	posterolateral spinal vein	confirmed_match	UBERON:0011222				
muscular-system	https://purl.org/ccf/ASCTB-TEMP_lateral-compartmet-of-leg-muscle	lateral compartmet of leg muscle	leaf	UBERON:0001537	anterior tibial artery	new_term_leaf	UBERON:9900025	lateral compartment of leg muscle	Typo in source label: 'compartmet' -> 'compartment'. Keep source name as related synonym.	UBERON:0014892	
muscular-system	https://purl.org/ccf/ASCTB-TEMP_lateral-posterior-cervical-intertransversarii-muscle	lateral posterior cervical intertransversarii muscle	leaf	UBERON:0001546	posterior tibial vein	new_term_leaf	UBERON:9900026			UBERON:0000974	Source parent_id UBERON:0001546 resolves to 'posterior tibial vein', which is anatomically incorrect for a cervical paraspinal muscle. No specific UBERON term currently exists for this muscle; closest existing classes are UBERON:0001630 (muscle organ) as genus and UBERON:0004465 (musculature of neck) as collective. Existing 'm. intertransversarius capitis' classes (UBERON:3010664, UBERON:3010667) are amphibian-sourced and not equivalent.  || SUGGESTION: Use UBERON:0001630 (muscle organ) as is_a and UBERON:0000974 (neck) as part_of, with has_muscle_origin/insertion = UBERON:0018143 (transverse process of cervical vertebra) and innervated_by = UBERON:0006838 (ventral ramus of spinal nerve). No real PMID located; rely on existing def_xref (FIPAT TA2 + ISBN:9780323393225 Drake Gray's Anatomy + ASCTB-TEMP placeholder); curator may wish to add a primary anatomical reference such as Standring Gray's Anatomy.
muscular-system	https://purl.org/ccf/ASCTB-TEMP_lateral-vertebral-muscle	lateral vertebral muscle	group	UBERON:0002250	popliteal artery	confirmed_match	UBERON:0008611				
muscular-system	https://purl.org/ccf/ASCTB-TEMP_left-crus-of-lumbar-part-of-respiratory-diaphragm-muscle	left crus of lumbar part of respiratory diaphragm muscle	leaf	http://purl.org/sig/ont/fma/fma323951	Pre-aortic thoracic lymph node group	confirmed_match	UBERON:0014767				FMA:323951 (lumbar part of diaphragm) is not directly xref'd in UBERON. The closest UBERON concept is UBERON:0014765 'crus of diaphragm' (which is the lumbar/vertebral part of the diaphragm). Not needed here because the child term itself matches an existing UBERON term.  || SUGGESTION: If a separate UBERON term for the lumbar part of the diaphragm is desired, it could be added with FMA:323951 as xref; otherwise treat UBERON:0014765 as functionally equivalent.
muscular-system	https://purl.org/ccf/ASCTB-TEMP_levator-costarum-muscle	levator costarum muscle	leaf	UBERON:0001677	sphenoid bone	confirmed_match	UBERON:8410070				
muscular-system	https://purl.org/ccf/ASCTB-TEMP_levatores-costarum-breves-of-levator-costarum-muscle	levatores costarum breves of levator costarum muscle	leaf	https://purl.org/ccf/ASCTB-TEMP_thoracic-wall-muscle	thoracic wall muscle	new_term_leaf	UBERON:9900030			UBERON:8410070	Source-assigned grouping parent 'thoracic wall muscle' has no exact UBERON equivalent. The closest grouping classes in UBERON are UBERON:0002426 (chest muscle) and UBERON:0016403 (thoracic wall, anatomical region). However, the specific parent muscle 'levator costarum' (UBERON:8410070) already exists in UBERON and is itself is_a UBERON:0002426 ! chest muscle, so the chain is preserved.  || SUGGESTION: Use part_of UBERON:8410070 (levator costarum) as the immediate containing structure; is_a UBERON:0014892 (skeletal muscle organ, vertebrate) supplies the genus class. The thoracic-wall-muscle grouping is implicit via the parent muscle's own is_a chain. No new grouping term is required.
muscular-system	https://purl.org/ccf/ASCTB-TEMP_levatores-costarum-longi-of-levator-costarum-muscle	levatores costarum longi of levator costarum muscle	leaf	https://purl.org/ccf/ASCTB-TEMP_levator-costarum-muscle	levator costarum muscle	new_term_leaf	UBERON:9900031			UBERON:8410070	Parent 'levator costarum muscle' resolves to UBERON:8410070 (levator costarum). The source label suggests these are a named sub-component (the long fasciculi of the four lower levatores costarum). UBERON has no specific class for this sub-component, but the parent UBERON:8410070 itself already covers the levatores costarum collectively (its definition explicitly references both 'levatores costarum breves' and 'levatores costarum longi' as the two fasciculi of each muscle).  || SUGGESTION: Curator decision needed: (a) accept this NTR as a part_of subdivision of UBERON:8410070 with genus 'skeletal muscle organ, vertebrate' (UBERON:0014892), as encoded in leaf_template_rows; OR (b) drop the NTR and instead add 'levatores costarum longi' as an EXACT synonym (with a clarifying scope) on UBERON:8410070, since the parent term's textual definition already enumerates the longi/breves fasciculi. Option (b) is more parsimonious if HRA only needs name-level findability. Option (a) is preferred if the longi fasciculus must be addressable as a distinct entity (e.g. for downstream attachment/innervation annotation). Innervation set to dorsal ramus of spinal nerve (UBERON:0006839) following Morrison 1953 (PMID:13129167).
muscular-system	https://purl.org/ccf/ASCTB-TEMP_longitudinal-pharyngeal-muscle	longitudinal pharyngeal muscle	group	https://purl.org/ccf/ASCTB-TEMP_vasa-recta-of-colon	vasa recta of colon	manual_curation					MANUAL_CURATION: This is a sub-grouping of pharyngeal muscles defined by fibre orientation (longitudinal) within the pharyngeal wall — not a simple part_of-defined subset. UBERON's circular counterpart (UBERON:0001569 constrictor muscle of pharynx) is is_a UBERON:0000933 chordate pharyngeal muscle without an EC axiom on orientation. The simple genus + part_of pattern cannot express fibre orientation.
muscular-system	https://purl.org/ccf/ASCTB-TEMP_longus-capitus-muscle	longus capitus muscle	leaf	UBERON:0002377	muscle of neck	confirmed_match	UBERON:0001563	longus capitis muscle	'capitus' is a misspelling of the Latin genitive 'capitis' (of the head). Standard anatomical term is 'longus capitis muscle' (TA2). Already present in UBERON as UBERON:0001563 with the misspelled form already captured as a RELATED synonym.		
muscular-system	https://purl.org/ccf/ASCTB-TEMP_medial-lumbar-intertransversarii-muscle	medial lumbar intertransversarii muscle	leaf	https://purl.org/ccf/ASCTB-TEMP_segmental-back-muscle	segmental back muscle	new_term_leaf	UBERON:9900034			UBERON:0006074	
muscular-system	https://purl.org/ccf/ASCTB-TEMP_medial-posterior-cervical-intertransversarii-muscle	medial posterior cervical intertransversarii muscle	leaf	https://purl.org/ccf/ASCTB-TEMP_segmental-back-muscle	segmental back muscle	new_term_leaf	UBERON:9900035			UBERON:0006072	
muscular-system	https://purl.org/ccf/ASCTB-TEMP_middle-ear-muscle	middle ear muscle	group	UBERON:0002376	cranial muscle	new_term_group	UBERON:9900036			UBERON:0001756	
muscular-system	https://purl.org/ccf/ASCTB-TEMP_multifidus-cervicis-muscle	multifidus cervicis muscle	leaf	UBERON:0010990	transversospinales muscle	new_term_leaf	UBERON:9900037			UBERON:0006072	
muscular-system	https://purl.org/ccf/ASCTB-TEMP_multifidus-lumborum-muscle	multifidus lumborum muscle	leaf	UBERON:0010990	transversospinales muscle	new_term_leaf	UBERON:9900038			UBERON:0006074	
muscular-system	https://purl.org/ccf/ASCTB-TEMP_multifidus-thoracis-muscle	multifidus thoracis muscle	leaf	UBERON:0010990	transversospinales muscle	new_term_leaf	UBERON:9900039			UBERON:0006073	
muscular-system	https://purl.org/ccf/ASCTB-TEMP_muscle-of-facial-expression	muscle of facial expression	group	UBERON:0002376	cranial muscle	confirmed_match	UBERON:0001577				
muscular-system	https://purl.org/ccf/ASCTB-TEMP_musculus-uvulae-muscle	musculus uvulae muscle	leaf	UBERON:0003682	palatal muscle	confirmed_match	UBERON:0010235				
muscular-system	https://purl.org/ccf/ASCTB-TEMP_occipital-belly-of-occipitofrontalis-muscle	occipital belly of occipitofrontalis muscle	leaf	https://purl.org/ccf/ASCTB-TEMP_neuromeningeal-trunk	neuromeningeal trunk	confirmed_match	UBERON:0010947				
muscular-system	https://purl.org/ccf/ASCTB-TEMP_opponens-digiti-minimi-muscle	opponens digiti minimi muscle	leaf	UBERON:0001624	anterior cerebral artery	confirmed_match	UBERON:0036176				Source-supplied parent_id UBERON:0001624 resolves to 'anterior cerebral artery', which is anatomically unrelated to a hand muscle. This appears to be an upstream parent-mapping error in the HRA ASCTB input.  || SUGGESTION: Curator should report/correct the source parent assignment. The term itself already exists as UBERON:0036176 and is excluded from the new-term template.
muscular-system	https://purl.org/ccf/ASCTB-TEMP_palmar-interosseous-muscle	palmar interosseous muscle	group	UBERON:0009095	tip of renal papilla	confirmed_match	UBERON:0006505				
muscular-system	https://purl.org/ccf/ASCTB-TEMP_pelvic-floor-muscle	pelvic floor muscle	group	https://purl.org/ccf/ASCTB-TEMP_periductal-branch-of-lobular-artery-of-pancreas	periductal branch of lobular artery of pancreas	manual_curation					MANUAL_CURATION: No UBERON term currently exists for 'pelvic floor' or 'pelvic diaphragm' as an anatomical region — only the constituent muscles (levator ani UBERON:0001326, coccygeus UBERON:0001327) and the broader pelvic region (UBERON:0002355) are represented. The simple genus + part_of pattern needs a target term for the pelvic floor itself.
muscular-system	https://purl.org/ccf/ASCTB-TEMP_plantar-interosseous-muscle	plantar interosseous muscle	group	https://purl.org/ccf/ASCTB-TEMP_sheathed-capillary-of-spleen	sheathed capillary of spleen, Sheathed capillary of spleen	confirmed_match	UBERON:0006502				
muscular-system	https://purl.org/ccf/ASCTB-TEMP_posterior-abdominal-wall-muscle	posterior abdominal wall muscle	group	UBERON:0001092	vertebral bone 1	new_term_group	UBERON:9900047			UBERON:0003697	
muscular-system	https://purl.org/ccf/ASCTB-TEMP_pteryopharyngeal-part-of-superior-pharyngeal-constrictor-muscle	pteryopharyngeal part of superior pharyngeal constrictor muscle	leaf	UBERON:0001272	innominate bone	confirmed_match	UBERON:0010956	pterygopharyngeal part of superior pharyngeal constrictor muscle	Source spelling 'pteryopharyngeal' is missing the 'g' from the Greek root 'pteryg-' (wing, referring to the pterygoid process). Standard TA2/FMA/UBERON form is 'pterygopharyngeal' (UBERON:0010956, FMA:46638). Source spelling could be retained as RELATED synonym.		
muscular-system	https://purl.org/ccf/ASCTB-TEMP_puboanalis-muscle	puboanalis muscle	leaf	UBERON:8600052	subsegmental pulmonary vein	new_term_leaf	UBERON:9900049			UBERON:0001326	Source parent UBERON:8600052 not present in uberon-edit.obo (presumably a recently minted grouping class). Followed the precedent of sibling levator ani components (puborectalis UBERON:0011512, pubococcygeus UBERON:0011528, iliococcygeus UBERON:0011398) which all use is_a muscle of pelvis (UBERON:0001325) and part_of levator ani muscle (UBERON:0001326).  || SUGGESTION: Curator: confirm whether UBERON:8600052 is intended as the parent and, if so, verify its placement in the hierarchy; otherwise leave is_a/part_of as written.
muscular-system	https://purl.org/ccf/ASCTB-TEMP_puboperineales-muscle	puboperineales muscle	leaf	UBERON:0015173	helicine branch of uterine artery	new_term_leaf	UBERON:9900050	puboperinealis muscle	TA2 Latin form is 'musculus puboperinealis' (singular); 'puboperineales' is the plural Latin adjective form used inconsistently. The standard English label is 'puboperinealis muscle' or 'puboperineal muscle'. Keep source name as a synonym.	UBERON:0001326	Source parent UBERON:0015173 ('helicine branch of uterine artery') is clearly a misalignment in the input data — it is an artery, not a muscle. Resolved to the anatomically correct parent levator ani muscle (UBERON:0001326) following the precedent of puborectalis (UBERON:0011512) and pubococcygeus (UBERON:0011528), which are also slips of the levator ani with the same is_a/part_of pattern.  || SUGGESTION: Curator should ignore the source parent_id and use UBERON:0001326 (levator ani muscle) as part_of, UBERON:0001325 (muscle of pelvis) as is_a.
muscular-system	https://purl.org/ccf/ASCTB-TEMP_rectus-capitius-posterior-minor-muscle	rectus capitius posterior minor muscle	leaf	https://purl.org/ccf/ASCTB-TEMP_submucosal-artery-of-colon	submucosal artery of colon	confirmed_match	UBERON:0008455	rectus capitis posterior minor	Input contains a misspelling: 'capitius' is a typo for 'capitis' (genitive of Latin caput, head). The correctly spelled term already exists in UBERON as UBERON:0008455. The variant 'rectus capitus posterior minor muscle' is already registered there as a RELATED synonym; the input form 'rectus capitius posterior minor muscle' could also be added as an additional misspelling synonym if desired.		Input file was named 'unresolvable_submucosal_artery_of_colon.json' and listed parent_id UNRESOLVABLE:'submucosal artery of colon' for both is_a and part_of. That parent is wrong-domain (a colonic artery) for a suboccipital skeletal muscle and appears to be a pipeline mislabel.  || SUGGESTION: Disregard the bogus 'submucosal artery of colon' parent. The term itself is a confirmed match to UBERON:0008455 (rectus capitis posterior minor); no new term is needed. Had a new term been required, the correct parents would have been: is_a UBERON:0004518 (muscle of vertebral column) and part_of UBERON:0000974 (neck), mirroring the other rectus capitis muscles.
muscular-system	https://purl.org/ccf/ASCTB-TEMP_rectus-capitus-anterior-muscle	rectus capitus anterior muscle	leaf	UBERON:0001250, UBERON:0010400	red pulp of spleen, spleen trabecular vein	confirmed_match	UBERON:0008453	rectus capitis anterior muscle	Standard anatomical Latin is 'capitis' (genitive of caput), not 'capitus'. The source variant is already captured as a RELATED synonym on UBERON:0008453.		
muscular-system	https://purl.org/ccf/ASCTB-TEMP_respiratory-diaphragm-muscle	respiratory diaphragm muscle	leaf	http://purl.org/sig/ont/fma/fma12252	Subclavian lymphatic trunk	confirmed_match	UBERON:0001103				
muscular-system	https://purl.org/ccf/ASCTB-TEMP_right-crus-of-lumbar-part-of-respiratory-diaphragm-muscle	right crus of lumbar part of respiratory diaphragm muscle	leaf	http://purl.org/sig/ont/fma/fma5841	Left lumbar lymphatic trunk	confirmed_match	UBERON:0014766			UBERON:0014765	
muscular-system	https://purl.org/ccf/ASCTB-TEMP_segmental-back-muscle	segmental back muscle	group	https://purl.org/ccf/ASCTB-TEMP_lobar-artery-of-spleen	lobar artery of spleen	new_term_group	UBERON:9900055			UBERON:0001137	
muscular-system	https://purl.org/ccf/ASCTB-TEMP_sole-of-foot-muscle	sole of foot muscle	group	UBERON:0001383	muscle of leg	new_term_group	UBERON:9900056			UBERON:0008338	
muscular-system	https://purl.org/ccf/ASCTB-TEMP_spermatic-cord-muscle	spermatic cord muscle	leaf	UBERON:0002378	muscle of abdomen	confirmed_match	UBERON:0008488				
muscular-system	https://purl.org/ccf/ASCTB-TEMP_sphincter-urethrae-muscle	sphincter urethrae muscle	leaf	UBERON:0002379	perineal muscle	confirmed_match	UBERON:0004917				
muscular-system	https://purl.org/ccf/ASCTB-TEMP_spinotransversales-muscle	spinotransversales muscle	group	UBERON:0002324	muscle of back	confirmed_match	UBERON:0002252				
muscular-system	https://purl.org/ccf/ASCTB-TEMP_splenius-capitus-muscle	splenius capitus muscle	leaf	https://purl.org/ccf/ASCTB-TEMP_spinotransversales-muscle	spinotransversales muscle	confirmed_match	UBERON:0000711	splenius capitis	'capitus' is a misspelling of the Latin genitive 'capitis' (of the head). Standard anatomical nomenclature (TA2, FMA:22653) uses 'splenius capitis'. The existing UBERON:0000711 already carries 'splenius capitis muscle' as an EXACT synonym. Source label should be treated as a typographical variant; no new term required.		
muscular-system	https://purl.org/ccf/ASCTB-TEMP_sternal-part-of-respiratory-diaphragm-muscle	sternal part of respiratory diaphragm muscle	leaf	https://purl.org/ccf/ASCTB-TEMP_respiratory-diaphragm-muscle	respiratory diaphragm muscle	new_term_leaf	UBERON:9900061	sternal part of diaphragm	UBERON uses 'diaphragm' (UBERON:0001103) as the standard label; FMA and TA2 use 'sternal part of diaphragm' (FMA:58278, 'pars sternalis diaphragmatis'). The source 'respiratory diaphragm muscle' phrasing is non-standard. Keep source name as RELATED synonym.	UBERON:0001103	Source parent label 'respiratory diaphragm muscle' has no exact UBERON match but maps to UBERON:0001103 (diaphragm) which has synonym 'diaphragm muscle' (BTO:0000341).  || SUGGESTION: Resolved to UBERON:0001103 (diaphragm). Precedent: sibling term 'costal diaphragm' (UBERON:0035831, FMA:58277) uses is_a UBERON:0000063 (organ subunit) + part_of UBERON:0001103. Same pattern applied here.
muscular-system	https://purl.org/ccf/ASCTB-TEMP_sternocostal-head-of-pectoralis-major-muscle	sternocostal head of pectoralis major muscle	leaf	UBERON:0002381	pectoralis major	new_term_leaf	UBERON:9900062			UBERON:0002381	
muscular-system	https://purl.org/ccf/ASCTB-TEMP_superficial-back-muscle	superficial back muscle	group	UBERON:0002324	muscle of back	new_term_group	UBERON:9900063			UBERON:0001137	
muscular-system	https://purl.org/ccf/ASCTB-TEMP_superior-head-of-lateral-pterygoid-muscle	superior head of lateral pterygoid muscle	leaf	UBERON:0006719	lateral pterygoid muscle	new_term_leaf	UBERON:9900064			UBERON:0006719	
muscular-system	https://purl.org/ccf/ASCTB-TEMP_superior-longitudinal-lingual-muscle	superior longitudinal lingual muscle	leaf	UBERON:0001576	intrinsic muscle of tongue	confirmed_match	UBERON:0008582	superior longitudinal muscle of tongue	Source label uses 'lingual muscle' word order; UBERON's canonical label is 'superior longitudinal muscle of tongue' (UBERON:0008582). Consider adding 'superior longitudinal lingual muscle' as an EXACT synonym to aid matching from HRA/ASCTB sources.		
muscular-system	https://purl.org/ccf/ASCTB-TEMP_tensor-fascia-latae-muscle	tensor fascia latae muscle	leaf	UBERON:0002000	gluteal muscle	confirmed_match	UBERON:0001376	tensor fasciae latae muscle	Standard anatomical Latin uses the genitive 'fasciae' (of the fascia), not nominative 'fascia'. UBERON:0001376 already carries 'tensor fasciae lata muscle' as an EXACT synonym; the source variant 'tensor fascia latae muscle' could be added as an additional synonym if not already covered.		
muscular-system	https://purl.org/ccf/ASCTB-TEMP_thoracic-intertransversarii-muscle	thoracic intertransversarii muscle	leaf	https://purl.org/ccf/ASCTB-TEMP_segmental-back-muscle	segmental back muscle	new_term_leaf	UBERON:9900067			UBERON:0006073	
muscular-system	https://purl.org/ccf/ASCTB-TEMP_thoracic-wall-muscle	thoracic wall muscle	group	UBERON:0002426	chest muscle	new_term_group	UBERON:9900068			UBERON:0016403	
muscular-system	https://purl.org/ccf/ASCTB-TEMP_thyroepiglottic-part-of-thyroarytenoid-muscle	thyroepiglottic part of thyroarytenoid muscle	leaf	http://purl.org/sig/ont/fma/fma46588	Thyro-arytenoid	confirmed_match	UBERON:0010927				
muscular-system	https://purl.org/ccf/ASCTB-TEMP_thyropharyngeal-part-of-inferior-pharyngeal-constrictor-muscle	thyropharyngeal part of inferior pharyngeal constrictor muscle	leaf	http://purl.org/sig/ont/fma/fma46623	Inferior pharyngeal constrictor	confirmed_match	UBERON:0010936				
muscular-system	https://purl.org/ccf/ASCTB-TEMP_tibalis-anterior-muscle	tibalis anterior muscle	leaf	http://purl.org/sig/ont/fma/fma22472	Muscle of anterior compartment of leg	confirmed_match	UBERON:0001385	tibialis anterior muscle	Typo: 'tibalis' should be 'tibialis'. The corrected form is the standard TA2 name and is already recorded as an EXACT synonym of UBERON:0001385.		
muscular-system	https://purl.org/ccf/ASCTB-TEMP_tibalis-posterior-muscle	tibalis posterior muscle	leaf	http://purl.org/sig/ont/fma/fma22474	Muscle of posterior compartment of leg	confirmed_match	UBERON:0001667	tibialis posterior muscle	Spelling error — missing 'i'. Standard anatomical term is 'tibialis posterior muscle' (already a related synonym on UBERON:0001667). Term is a confirmed existing match so no new term is needed; record correction for the candidates/QC report.		
muscular-system	https://purl.org/ccf/ASCTB-TEMP_transverse-muscle	transverse muscle	leaf	UBERON:0001576	intrinsic muscle of tongue	confirmed_match	UBERON:0008583	transverse muscle of tongue	Source label 'transverse muscle' is ambiguous outside the lingual context. UBERON's canonical label is 'transverse muscle of tongue' (UBERON:0008583). Already carries 'transverse muscle' as a RELATED synonym, so no synonym addition is needed.		
muscular-system	https://purl.org/ccf/ASCTB-TEMP_ventral-part-of-intertransversarii-laterales-lumborum-muscle	ventral part of intertransversarii laterales lumborum muscle	leaf	https://purl.org/ccf/ASCTB-TEMP_intertransversarii-laterales-lumborum-muscle	intertransversarii laterales lumborum muscle	new_term_leaf	UBERON:9900074			UBERON:0008242	
muscular-system	https://purl.org/ccf/ASCTB-TEMP_vertical-muscle	vertical muscle	leaf	UBERON:0001576	intrinsic muscle of tongue	confirmed_match	UBERON:0008584	vertical muscle of tongue	Source label 'vertical muscle' is ambiguous outside the lingual context. UBERON's canonical label is 'vertical muscle of tongue' (UBERON:0008584). Already carries 'vertical muscle' as a RELATED synonym, so no synonym addition is needed.		
