uberon_id	label	cxg_datasets	direct_cell_types	cell_types_incl_subparts	in_subsets	status
UBERON:0002113	kidney	156	4	129	efo_slim|major_organ|organ_slim|pheno_slim|uberon_slim|vertebrate_core	DIRECT
UBERON:0000178	blood	143	3	3	efo_slim|pheno_slim|uberon_slim|vertebrate_core	DIRECT
UBERON:0002107	liver	123	8	19	efo_slim|major_organ|organ_slim|pheno_slim|uberon_slim|vertebrate_core	DIRECT
UBERON:0002048	lung	115	10	37	efo_slim|major_organ|organ_slim|pheno_slim|uberon_slim	DIRECT
UBERON:0001384	primary motor cortex	111	7	8	efo_slim|pheno_slim|uberon_slim	DIRECT
UBERON:0000922	embryo	107	5	24	efo_slim|pheno_slim|uberon_slim|vertebrate_core	DIRECT
UBERON:0000992	ovary	93	6	14	efo_slim|organ_slim|pheno_slim|uberon_slim|vertebrate_core	DIRECT
UBERON:0002370	thymus	82	10	25	efo_slim|major_organ|organ_slim|pheno_slim|uberon_slim|vertebrate_core	DIRECT
UBERON:0002771	middle temporal gyrus	73	0	0	efo_slim|uberon_slim	NO_LINK
UBERON:0002436	primary visual cortex	70	0	0	pheno_slim|uberon_slim	NO_LINK
UBERON:0009834	dorsolateral prefrontal cortex	69	0	0		NO_LINK
UBERON:0000310	breast	68	4	5	pheno_slim	DIRECT
UBERON:0002084	heart left ventricle	67	1	1	pheno_slim|uberon_slim	DIRECT
UBERON:0034751	primary auditory cortex	64	0	0		NO_LINK
UBERON:0008933	primary somatosensory cortex	64	0	0	pheno_slim	NO_LINK
UBERON:0001882	nucleus accumbens	63	0	0	efo_slim|pheno_slim|uberon_slim	NO_LINK
UBERON:0002421	hippocampal formation	59	6	12	pheno_slim|uberon_slim	DIRECT
UBERON:0000955	brain	58	4	160	cumbo|efo_slim|major_organ|pheno_slim|uberon_slim|vertebrate_core	DIRECT
UBERON:0002037	cerebellum	55	5	6	efo_slim|pheno_slim|uberon_slim|vertebrate_core	DIRECT
UBERON:0001898	hypothalamus	53	3	11	efo_slim|pheno_slim|uberon_slim|vertebrate_core	DIRECT
UBERON:0002739	medial dorsal nucleus of thalamus	51	0	0	uberon_slim	NO_LINK
UBERON:0002371	bone marrow	49	7	7	efo_slim|pheno_slim|uberon_slim	DIRECT
UBERON:0001155	colon	48	6	21	efo_slim|pheno_slim|uberon_slim|vertebrate_core	DIRECT
UBERON:0001926	lateral geniculate body	47	0	1	efo_slim|pheno_slim|uberon_slim	INHERITED_ONLY
UBERON:0002116	ileum	47	2	3	efo_slim|pheno_slim|uberon_slim	DIRECT
UBERON:0001891	midbrain	46	1	6	efo_slim|pheno_slim|uberon_slim|vertebrate_core	DIRECT
UBERON:0000451	prefrontal cortex	45	0	0	efo_slim	NO_LINK
UBERON:0001225	cortex of kidney	45	2	50	pheno_slim|uberon_slim	DIRECT
UBERON:0002314	midbrain tectum	45	0	2	efo_slim|pheno_slim|uberon_slim	INHERITED_ONLY
UBERON:0002663	septal nuclear complex	44	0	1	uberon_slim	INHERITED_ONLY
UBERON:0002509	mesenteric lymph node	44	0	0	pheno_slim	NO_LINK
UBERON:0001874	putamen	43	0	0	pheno_slim|uberon_slim	NO_LINK
UBERON:0003876	hippocampal field	43	0	0	non_informative|pheno_slim	NO_LINK
UBERON:0001885	dentate gyrus of hippocampal formation	42	4	4	efo_slim|pheno_slim|uberon_slim	DIRECT
UBERON:0001880	bed nucleus of stria terminalis	41	0	0	efo_slim	NO_LINK
UBERON:0013550	Brodmann (1909) area 19	41	0	0		NO_LINK
UBERON:0002114	duodenum	41	4	7	efo_slim|pheno_slim|uberon_slim|vertebrate_core	DIRECT
UBERON:0004725	piriform cortex	41	0	0	pheno_slim	NO_LINK
UBERON:0002751	inferior temporal gyrus	40	0	0	uberon_slim	NO_LINK
UBERON:0002106	spleen	40	4	12	efo_slim|organ_slim|pheno_slim|uberon_slim|vertebrate_core	DIRECT
UBERON:0003017	substantia innominata	38	0	0	uberon_slim	NO_LINK
UBERON:0001896	medulla oblongata	38	0	5	efo_slim|pheno_slim|uberon_slim|vertebrate_core	INHERITED_ONLY
UBERON:0001159	sigmoid colon	38	1	1	efo_slim|uberon_slim	DIRECT
UBERON:0000029	lymph node	38	3	25	efo_slim|pheno_slim|uberon_slim|vertebrate_core	DIRECT
UBERON:0001875	globus pallidus	38	0	0	efo_slim|pheno_slim|uberon_slim	NO_LINK
UBERON:0001876	amygdala	37	2	2	efo_slim|pheno_slim|uberon_slim	DIRECT
UBERON:0001117	caudate lobe of liver	37	0	0	uberon_slim	NO_LINK
UBERON:0002883	central amygdaloid nucleus	37	0	0		NO_LINK
UBERON:0013556	Brodmann (1909) area 25	37	0	0		NO_LINK
UBERON:0034893	agranular insular cortex	37	0	0		NO_LINK
UBERON:0006108	corticomedial nuclear complex	37	0	0		NO_LINK
UBERON:0001950	neocortex	37	7	36	pheno_slim|uberon_slim	DIRECT
UBERON:0006083	perirhinal cortex	37	0	0	efo_slim	NO_LINK
UBERON:0000988	pons	36	0	0	efo_slim|pheno_slim|uberon_slim	NO_LINK
UBERON:0002728	entorhinal cortex	36	0	0	efo_slim|pheno_slim|uberon_slim	NO_LINK
UBERON:0002028	hindbrain	36	2	14	efo_slim|pheno_slim|uberon_slim|vertebrate_core	DIRECT
UBERON:0006094	superior parietal cortex	36	0	0		NO_LINK
UBERON:8480065	labial gland	36	0	0		NO_LINK
UBERON:0007225	lateral entorhinal cortex	35	0	0		NO_LINK
UBERON:0006483	Brodmann (1909) area 46	34	0	0		NO_LINK
UBERON:0002080	heart right ventricle	34	1	1	pheno_slim|uberon_slim	DIRECT
UBERON:0002240	spinal cord	34	7	12	cumbo|efo_slim|major_organ|organ_slim|pheno_slim|uberon_slim|vertebrate_core	DIRECT
UBERON:0002981	pulvinar nucleus	34	0	0	uberon_slim	NO_LINK
UBERON:0006101	Brodmann (1909) area 24	34	0	0		NO_LINK
UBERON:0002038	substantia nigra	33	1	1	efo_slim|pheno_slim|uberon_slim	DIRECT
UBERON:0000362	renal medulla	33	1	24	pheno_slim	DIRECT
UBERON:0002108	small intestine	32	7	43	efo_slim|major_organ|organ_slim|pheno_slim|uberon_slim|vertebrate_core	DIRECT
UBERON:0009835	anterior cingulate cortex	32	0	0		NO_LINK
UBERON:0004720	cerebellar vermis	31	0	0	pheno_slim	NO_LINK
UBERON:0002097	skin of body	31	3	46	efo_slim|major_organ|pheno_slim|uberon_slim	DIRECT
UBERON:0002630	body of caudate nucleus	31	0	0		NO_LINK
UBERON:0014644	cerebrocerebellum	31	0	0	pheno_slim	NO_LINK
UBERON:0002098	apex of heart	31	0	0	pheno_slim|uberon_slim	NO_LINK
UBERON:0006107	basolateral amygdaloid nuclear complex	31	0	0		NO_LINK
UBERON:0001153	caecum	31	1	1	efo_slim|pheno_slim|uberon_slim	DIRECT
UBERON:0002886	lateral amygdaloid nucleus	31	0	0		NO_LINK
UBERON:0007224	medial entorhinal cortex	30	0	0		NO_LINK
UBERON:0001893	telencephalon	30	0	89	efo_slim|pheno_slim|uberon_slim|vertebrate_core	INHERITED_ONLY
UBERON:0002266	anterior olfactory nucleus	29	0	0	uberon_slim	NO_LINK
UBERON:0002736	lateral nuclear group of thalamus	29	0	0	uberon_slim	NO_LINK
UBERON:0002206	mammillary body	29	1	1	pheno_slim|uberon_slim|vertebrate_core	DIRECT
UBERON:0002657	posterior parahippocampal gyrus	29	0	0		NO_LINK
UBERON:0002023	claustrum of brain	29	0	0	uberon_slim	NO_LINK
UBERON:0001157	transverse colon	28	1	1	efo_slim|uberon_slim	DIRECT
UBERON:0001894	diencephalon	28	0	26	efo_slim|pheno_slim|uberon_slim|vertebrate_core	INHERITED_ONLY
UBERON:0006479	Brodmann (1909) area 38	28	0	0		NO_LINK
UBERON:0019267	gray matter of midbrain	27	0	0		NO_LINK
UBERON:0002094	interventricular septum	27	3	3	efo_slim|pheno_slim|uberon_slim	DIRECT
UBERON:0013554	Brodmann (1909) area 23	27	0	0		NO_LINK
UBERON:0034892	granular insular cortex	27	0	0		NO_LINK
UBERON:0002151	pontine nuclear group	27	0	0	uberon_slim	NO_LINK
UBERON:0013682	peripheral region of retina	26	0	0		NO_LINK
UBERON:0002885	accessory basal amygdaloid nucleus	26	0	0		NO_LINK
UBERON:0001052	rectum	26	2	2	efo_slim|pheno_slim|uberon_slim	DIRECT
UBERON:0002367	prostate gland	26	6	13	efo_slim|major_organ|organ_slim|pheno_slim|uberon_slim	DIRECT
UBERON:0001156	ascending colon	26	1	1	efo_slim|uberon_slim	DIRECT
UBERON:0006092	cuneus cortex	25	0	0		NO_LINK
UBERON:0003126	trachea	25	3	9	efo_slim|major_organ|pheno_slim|uberon_slim	DIRECT
UBERON:0002272	medial zone of hypothalamus	25	0	1		INHERITED_ONLY
UBERON:0023787	subicular complex	25	0	0		NO_LINK
UBERON:0007635	nucleus of medulla oblongata	25	0	0		NO_LINK
UBERON:0002733	intralaminar nuclear group	25	0	0	uberon_slim	NO_LINK
UBERON:0001944	pretectal region	25	0	0	pheno_slim|uberon_slim|vertebrate_core	NO_LINK
UBERON:0000945	stomach	25	3	19	efo_slim|major_organ|organ_slim|pheno_slim|uberon_slim|vertebrate_core	DIRECT
UBERON:0002983	lateral posterior nucleus of thalamus	25	0	0		NO_LINK
UBERON:0001927	medial geniculate body	24	0	0	efo_slim|pheno_slim|uberon_slim	NO_LINK
UBERON:0002185	bronchus	24	4	15	efo_slim|organ_slim|pheno_slim|uberon_slim	DIRECT
UBERON:0001786	fovea centralis	24	1	1	pheno_slim|uberon_slim	DIRECT
UBERON:0002637	ventral anterior nucleus of thalamus	24	0	0	uberon_slim	NO_LINK
UBERON:0002788	anterior nuclear group	24	0	0	uberon_slim|vertebrate_core	NO_LINK
UBERON:0002078	right cardiac atrium	24	0	2	pheno_slim|uberon_slim	INHERITED_ONLY
UBERON:0000966	retina	24	8	22	efo_slim|pheno_slim|uberon_slim|vertebrate_core	DIRECT
UBERON:0001899	epithalamus	24	0	1	efo_slim|pheno_slim|uberon_slim|vertebrate_core	INHERITED_ONLY
UBERON:0002435	striatum	24	1	10	pheno_slim|uberon_slim	DIRECT
UBERON:0001929	supraoptic nucleus	24	0	0	efo_slim|pheno_slim|uberon_slim	NO_LINK
UBERON:0003023	pontine tegmentum	24	0	0	uberon_slim	NO_LINK
UBERON:0006956	buccal mucosa	24	0	0	pheno_slim	NO_LINK
UBERON:0002769	superior temporal gyrus	23	0	0	efo_slim|pheno_slim|uberon_slim	NO_LINK
UBERON:0013531	retrosplenial region	23	0	0	pheno_slim	NO_LINK
UBERON:0002115	jejunum	23	2	3	efo_slim|pheno_slim|uberon_slim	DIRECT
UBERON:0034774	uncal CA1	23	0	0		NO_LINK
UBERON:0001906	subthalamic nucleus	23	0	0	efo_slim|pheno_slim|uberon_slim	NO_LINK
UBERON:0002190	subcutaneous adipose tissue	23	1	1	pheno_slim	DIRECT
UBERON:0001928	preoptic area	23	0	1	efo_slim|uberon_slim|vertebrate_core	INHERITED_ONLY
UBERON:0000160	intestine	23	2	144	efo_slim|pheno_slim|uberon_slim|vertebrate_core	DIRECT
UBERON:0007634	parabrachial nucleus	22	0	0		NO_LINK
UBERON:0000948	heart	22	5	34	efo_slim|major_organ|organ_slim|pheno_slim|uberon_slim|vertebrate_core	DIRECT
UBERON:0001947	red nucleus	22	0	0	pheno_slim|uberon_slim	NO_LINK
UBERON:0013561	Brodmann (1909) area 43	22	0	0		NO_LINK
UBERON:0034991	anterior cortical amygdaloid nucleus	22	0	0		NO_LINK
UBERON:0002143	dorsal tegmental nucleus	22	0	0	vertebrate_core	NO_LINK
UBERON:0009661	midbrain nucleus	21	0	0		NO_LINK
UBERON:0013573	Brodmann (1909) area 40	21	0	0		NO_LINK
UBERON:0022395	temporal fusiform gyrus	21	0	0		NO_LINK
UBERON:0001890	forebrain	21	4	119	efo_slim|pheno_slim|uberon_slim|vertebrate_core	DIRECT
UBERON:0013545	Brodmann (1909) area 14	21	0	0		NO_LINK
UBERON:0015233	nucleus of dorsal thalamus	21	0	0		NO_LINK
UBERON:0002573	pontine reticular formation	21	0	0	uberon_slim	NO_LINK
UBERON:0002127	inferior olivary complex	21	0	0	pheno_slim|uberon_slim|vertebrate_core	NO_LINK
UBERON:0010000	multicellular anatomical structure	21	0	1228	common_anatomy|upper_level	INHERITED_ONLY
UBERON:0002130	cerebellar nuclear complex	21	0	0	uberon_slim	NO_LINK
UBERON:0013544	Brodmann (1909) area 13	21	0	0		NO_LINK
UBERON:0001158	descending colon	21	1	1	efo_slim|uberon_slim	DIRECT
UBERON:0001161	body of stomach	21	0	0	uberon_slim	NO_LINK
UBERON:0001925	ventral lateral nucleus of thalamus	21	0	0	uberon_slim|vertebrate_core	NO_LINK
UBERON:0001831	parotid gland	20	0	0	efo_slim|pheno_slim|uberon_slim	NO_LINK
UBERON:0014370	extrastriate cortex	20	0	0		NO_LINK
UBERON:0008345	ileal epithelium	20	1	1		DIRECT
UBERON:0034779	rostral CA3	20	0	0		NO_LINK
UBERON:0002998	inferior frontal gyrus	20	0	0	uberon_slim	NO_LINK
UBERON:0001295	endometrium	20	0	7	efo_slim|pheno_slim|uberon_slim	INHERITED_ONLY
UBERON:2000392	median tuberal portion	19	0	0		NO_LINK
UBERON:0001005	respiratory airway	19	0	84	grouping_class|uberon_slim	INHERITED_ONLY
UBERON:0013560	Brodmann (1909) area 32	19	0	0		NO_LINK
UBERON:0009472	axilla	18	0	0	efo_slim|pheno_slim	NO_LINK
UBERON:0002079	left cardiac atrium	18	0	0	pheno_slim|uberon_slim	NO_LINK
UBERON:0002336	corpus callosum	18	0	0	efo_slim|pheno_slim|uberon_slim	NO_LINK
UBERON:0001870	frontal cortex	17	0	8	efo_slim|pheno_slim|uberon_slim	INHERITED_ONLY
UBERON:0002972	centromedian nucleus of thalamus	17	0	0	uberon_slim	NO_LINK
UBERON:0000059	large intestine	17	4	71	efo_slim|major_organ|organ_slim|pheno_slim	DIRECT
UBERON:0016530	parietal cortex	17	0	0	pheno_slim	NO_LINK
UBERON:0001238	lamina propria of small intestine	17	3	3		DIRECT
UBERON:0001897	dorsal plus ventral thalamus	17	0	3	efo_slim|pheno_slim|uberon_slim|vertebrate_core	INHERITED_ONLY
UBERON:0001264	pancreas	17	6	16	efo_slim|major_organ|organ_slim|pheno_slim|uberon_slim|vertebrate_core	DIRECT
UBERON:0003354	epithelium of rectum	17	1	1		DIRECT
UBERON:0002743	basal forebrain	17	0	11	uberon_slim	INHERITED_ONLY
UBERON:0000397	colonic epithelium	17	6	6	vertebrate_core	DIRECT
UBERON:0005383	caudate-putamen	16	0	0	efo_slim|pheno_slim	NO_LINK
UBERON:0016538	temporal cortex	16	0	0		NO_LINK
UBERON:0002351	sinoatrial node	16	2	2	pheno_slim|uberon_slim|vertebrate_core	DIRECT
UBERON:0001828	gingiva	16	1	2	efo_slim|pheno_slim|uberon_slim	DIRECT
UBERON:0000175	pleural effusion	16	0	0		NO_LINK
UBERON:0002369	adrenal gland	16	1	8	organ_slim|pheno_slim|uberon_slim	DIRECT
UBERON:0001043	esophagus	16	1	5	efo_slim|major_organ|organ_slim|pheno_slim|uberon_slim|vertebrate_core	DIRECT
UBERON:0001296	myometrium	16	1	1	efo_slim|pheno_slim|uberon_slim	DIRECT
UBERON:0001871	temporal lobe	16	0	2	efo_slim|pheno_slim|uberon_slim	INHERITED_ONLY
UBERON:0006088	inferior parietal cortex	15	0	0	efo_slim	NO_LINK
UBERON:0010225	thalamic complex	15	1	15		DIRECT
UBERON:0002734	superior temporal sulcus	15	0	0		NO_LINK
UBERON:0016540	occipital cortex	15	0	0		NO_LINK
UBERON:0001911	mammary gland	15	5	9	efo_slim|organ_slim|pheno_slim|uberon_slim	DIRECT
UBERON:8600035	ileum lamina propria	15	0	0		NO_LINK
UBERON:0002626	head of caudate nucleus	15	0	0		NO_LINK
UBERON:0002822	macula lutea proper	15	0	0		NO_LINK
UBERON:0002103	hindlimb	14	0	6	efo_slim|pheno_slim|uberon_slim	INHERITED_ONLY
UBERON:0022232	secondary visual cortex	14	0	0		NO_LINK
UBERON:0000033	head	14	0	84	efo_slim|pheno_slim|uberon_slim|vertebrate_core	INHERITED_ONLY
UBERON:0001723	tongue	14	0	1	efo_slim|organ_slim|pheno_slim|uberon_slim|vertebrate_core	INHERITED_ONLY
UBERON:0008952	upper lobe of left lung	14	0	0		NO_LINK
UBERON:0001165	pyloric antrum	14	0	0	efo_slim|pheno_slim|uberon_slim	NO_LINK
UBERON:0036214	rectosigmoid junction	14	0	0		NO_LINK
UBERON:0000947	aorta	14	0	2	efo_slim|grouping_class|pheno_slim|uberon_slim	INHERITED_ONLY
UBERON:0000956	cerebral cortex	14	20	68	efo_slim|pheno_slim|uberon_slim	DIRECT
UBERON:0019207	chorioretinal region	14	0	24	pheno_slim	INHERITED_ONLY
UBERON:0006514	pallidum	14	0	0		NO_LINK
UBERON:8440051	lower layers of the cortex	13	0	0		NO_LINK
UBERON:0001851	cortex	13	0	0	pheno_slim|uberon_slim|upper_level	NO_LINK
UBERON:0000964	cornea	13	0	2	efo_slim|pheno_slim|uberon_slim|vertebrate_core	INHERITED_ONLY
UBERON:0002474	cerebellar peduncular complex	13	0	0	uberon_slim	NO_LINK
UBERON:0007177	lamina propria of mucosa of colon	13	1	1		DIRECT
UBERON:0006102	Brodmann (1909) area 35	12	0	0		NO_LINK
UBERON:8440044	upper layers of the cortex	12	0	0		NO_LINK
UBERON:0000454	cerebral subcortex	12	0	15	pheno_slim	INHERITED_ONLY
UBERON:0001895	metencephalon	12	0	6	pheno_slim|uberon_slim	INHERITED_ONLY
UBERON:0000473	testis	12	1	7	efo_slim|organ_slim|pheno_slim|uberon_slim|vertebrate_core	DIRECT
UBERON:0008953	lower lobe of left lung	12	0	0		NO_LINK
UBERON:0001758	periodontium	12	1	2	pheno_slim	DIRECT
UBERON:0001255	urinary bladder	12	3	5	efo_slim|major_organ|organ_slim|pheno_slim|uberon_slim	DIRECT
UBERON:0001773	sclera	12	1	1	pheno_slim|uberon_slim|vertebrate_core	DIRECT
UBERON:0003889	fallopian tube	12	2	2	efo_slim|pheno_slim|uberon_slim	DIRECT
UBERON:0002352	atrioventricular node	12	2	2	efo_slim|pheno_slim|uberon_slim|vertebrate_core	DIRECT
UBERON:0002119	left ovary	12	1	1		DIRECT
UBERON:0000317	colonic mucosa	12	0	3	efo_slim	INHERITED_ONLY
UBERON:0002118	right ovary	12	1	1		DIRECT
UBERON:0001166	pylorus	11	0	1	pheno_slim|uberon_slim	INHERITED_ONLY
UBERON:0001154	vermiform appendix	11	12	17	efo_slim|organ_slim|uberon_slim	DIRECT
UBERON:0001013	adipose tissue	11	3	5	efo_slim|pheno_slim|uberon_slim|vertebrate_core	DIRECT
UBERON:0007644	thoracic lymph node	11	0	0		NO_LINK
UBERON:0000006	islet of Langerhans	11	5	5	efo_slim|pheno_slim|uberon_slim	DIRECT
UBERON:0001976	epithelium of esophagus	11	3	3	efo_slim|pheno_slim|uberon_slim|vertebrate_core	DIRECT
UBERON:0001902	epithelium of small intestine	11	9	13	vertebrate_core	DIRECT
UBERON:0001736	submandibular gland	11	0	1	efo_slim|pheno_slim|uberon_slim	INHERITED_ONLY
UBERON:0000453	decidua basalis	11	0	0	efo_slim|pheno_slim	NO_LINK
UBERON:0012652	colorectum	11	0	0		NO_LINK
UBERON:0001542	inguinal lymph node	11	0	0	pheno_slim|uberon_slim	NO_LINK
UBERON:0008946	lung parenchyma	11	1	10		DIRECT
UBERON:0002360	meninx	11	1	4	efo_slim|organ_slim|pheno_slim|uberon_slim|vertebrate_core	DIRECT
UBERON:0003547	brain meninx	10	0	0	organ_slim|pheno_slim	NO_LINK
UBERON:8410026	peripheral zone of prostate	10	0	0	added_for_HCA	NO_LINK
UBERON:0001348	brown adipose tissue	10	1	1	efo_slim|pheno_slim|uberon_slim	DIRECT
UBERON:8410025	transition zone of prostate	10	0	0	added_for_HCA	NO_LINK
UBERON:0003688	omentum	10	2	2		DIRECT
UBERON:0001416	skin of abdomen	10	1	1	efo_slim|pheno_slim	DIRECT
UBERON:0001103	diaphragm	10	0	0	efo_slim|organ_slim|pheno_slim|uberon_slim	NO_LINK
UBERON:0000970	eye	10	1	60	efo_slim|functional_classification|major_organ|organ_slim|uberon_slim	DIRECT
UBERON:0000053	macula lutea	9	0	1	pheno_slim|uberon_slim	INHERITED_ONLY
UBERON:0000916	abdomen	9	1	178	efo_slim|pheno_slim|uberon_slim	DIRECT
UBERON:0002316	white matter	9	1	1	uberon_slim|vertebrate_core	DIRECT
UBERON:0004035	cortical subplate	9	0	0	pheno_slim	NO_LINK
UBERON:0003548	forebrain meninges	9	0	0		NO_LINK
UBERON:0005282	ventricular system of brain	9	0	10		INHERITED_ONLY
UBERON:0001801	anterior segment of eyeball	9	0	11	pheno_slim|vertebrate_core	INHERITED_ONLY
UBERON:0013706	bone spine	9	0	0		NO_LINK
UBERON:0001114	right lobe of liver	9	0	0	uberon_slim|vertebrate_core	NO_LINK
UBERON:8600034	jejunum lamina propria	9	0	0		NO_LINK
UBERON:0000995	uterus	9	4	17	efo_slim|organ_slim|pheno_slim|uberon_slim	DIRECT
UBERON:0008346	duodenal epithelium	9	4	4		DIRECT
UBERON:0001873	caudate nucleus	9	0	0	efo_slim|pheno_slim|uberon_slim	NO_LINK
UBERON:0000400	jejunal epithelium	9	1	1		DIRECT
UBERON:0000991	gonad	9	0	0	major_organ|organ_slim|pheno_slim|uberon_slim|vertebrate_core	NO_LINK
UBERON:0001965	substantia nigra pars compacta	9	0	0	pheno_slim|uberon_slim	NO_LINK
UBERON:8410010	fimbria of fallopian tube	8	0	0	added_for_HCA	NO_LINK
UBERON:0010409	ocular surface region	8	0	10	pheno_slim	INHERITED_ONLY
UBERON:0022277	hepatic flexure of colon	8	0	0		NO_LINK
UBERON:0001046	hindgut	8	0	0	developmental_classification|pheno_slim|uberon_slim	NO_LINK
UBERON:7770005	ascending colon epithelium	8	0	0		NO_LINK
UBERON:0008803	skin of cheek	8	0	0	pheno_slim	NO_LINK
UBERON:0007650	esophagogastric junction	8	0	0		NO_LINK
UBERON:0035818	visceral fat	8	0	0		NO_LINK
UBERON:0012648	ampulla of fallopian tube	8	0	0		NO_LINK
UBERON:0001115	left lobe of liver	8	0	0	uberon_slim|vertebrate_core	NO_LINK
UBERON:0001276	epithelium of stomach	8	8	8	pheno_slim	DIRECT
UBERON:0004721	crista ampullaris	8	0	2	organ_slim|pheno_slim	INHERITED_ONLY
UBERON:0002792	lumbar spinal cord	8	0	0	uberon_slim	NO_LINK
UBERON:0001040	yolk sac	8	2	2	efo_slim|pheno_slim|uberon_slim	DIRECT
UBERON:0003911	choroid plexus epithelium	8	2	2		DIRECT
UBERON:0016475	skin of forehead	8	0	0	pheno_slim	NO_LINK
UBERON:0000016	endocrine pancreas	8	0	5	efo_slim|organ_slim|pheno_slim|uberon_slim|vertebrate_core	INHERITED_ONLY
UBERON:0001987	placenta	8	9	15	efo_slim|organ_slim|pheno_slim|uberon_slim	DIRECT
UBERON:0000328	gut wall	8	0	0		NO_LINK
UBERON:0013473	lower esophagus	8	0	0		NO_LINK
UBERON:0015476	nose skin	8	0	0		NO_LINK
UBERON:0001162	cardia of stomach	8	0	1	pheno_slim	INHERITED_ONLY
UBERON:0002358	peritoneum	7	1	5	pheno_slim|uberon_slim|vertebrate_core	DIRECT
UBERON:0001003	skin epidermis	7	11	32	efo_slim|pheno_slim|uberon_slim|vertebrate_core	DIRECT
UBERON:0001802	posterior segment of eyeball	7	0	22	pheno_slim|vertebrate_core	INHERITED_ONLY
UBERON:0013535	Brodmann (1909) area 4	7	0	0		NO_LINK
UBERON:0001817	lacrimal gland	7	1	1	efo_slim|organ_slim|pheno_slim|uberon_slim	DIRECT
UBERON:0000056	ureter	7	1	5	efo_slim|major_organ|organ_slim|pheno_slim|uberon_slim	DIRECT
UBERON:0002298	brainstem	7	1	10	efo_slim|pheno_slim|uberon_slim|vertebrate_core	DIRECT
UBERON:0008989	submucosal esophageal gland	7	0	0		NO_LINK
UBERON:0004991	mucosa of transverse colon	7	0	0		NO_LINK
UBERON:0001832	sublingual gland	7	0	0	pheno_slim|uberon_slim	NO_LINK
UBERON:0008612	muscle of pelvic diaphragm	7	0	0		NO_LINK
UBERON:0001621	coronary artery	7	2	2	efo_slim|pheno_slim|uberon_slim	DIRECT
UBERON:0018707	bladder organ	7	0	8		INHERITED_ONLY
UBERON:0016632	isthmus of fallopian tube	7	0	0		NO_LINK
UBERON:0003902	retinal neural layer	7	1	14	pheno_slim|vertebrate_core	DIRECT
UBERON:0001111	intercostal muscle	7	0	0	efo_slim|pheno_slim|uberon_slim	NO_LINK
UBERON:0008972	right colon	7	0	0		NO_LINK
UBERON:0002378	muscle of abdomen	7	0	0	pheno_slim|uberon_slim	NO_LINK
UBERON:0003661	limb muscle	7	0	0	pheno_slim	NO_LINK
UBERON:0001868	skin of chest	7	0	0	pheno_slim	NO_LINK
UBERON:0002102	forelimb	6	0	1	efo_slim|pheno_slim|uberon_slim	INHERITED_ONLY
UBERON:0002372	tonsil	6	3	3	efo_slim|pheno_slim|uberon_slim	DIRECT
UBERON:0010412	epididymal fat pad	6	0	0	pheno_slim	NO_LINK
UBERON:0001516	abdominal aorta	6	0	0	efo_slim|pheno_slim|uberon_slim	NO_LINK
UBERON:0002317	white matter of cerebellum	6	0	0	pheno_slim|vertebrate_core	NO_LINK
UBERON:0010032	anterior part of tongue	6	0	0		NO_LINK
UBERON:0000057	urethra	6	3	5	efo_slim|major_organ|organ_slim|pheno_slim|uberon_slim	DIRECT
UBERON:0002892	medial amygdaloid nucleus	6	0	0		NO_LINK
UBERON:0001388	gastrocnemius	6	0	0	efo_slim|pheno_slim|uberon_slim	NO_LINK
UBERON:0004167	orbitofrontal cortex	6	0	0	efo_slim|pheno_slim	NO_LINK
UBERON:0010033	posterior part of tongue	6	0	0		NO_LINK
UBERON:0005636	caecum epithelium	6	0	0		NO_LINK
UBERON:0001811	conjunctiva	6	2	3	efo_slim|pheno_slim|uberon_slim	DIRECT
UBERON:0002081	cardiac atrium	6	2	3	efo_slim|pheno_slim|uberon_slim|vertebrate_core	DIRECT
UBERON:0002770	posterior hypothalamic region	6	1	2		DIRECT
UBERON:8480028	skin of temple	6	0	0		NO_LINK
UBERON:0001711	eyelid	6	1	1	pheno_slim|uberon_slim	DIRECT
UBERON:0008934	secondary somatosensory cortex	6	0	0	pheno_slim	NO_LINK
UBERON:0002686	angular gyrus	6	0	0	uberon_slim	NO_LINK
UBERON:0010414	omental fat pad	6	0	0	pheno_slim	NO_LINK
UBERON:0001900	ventral thalamus	6	0	1	pheno_slim|uberon_slim|vertebrate_core	INHERITED_ONLY
UBERON:0001853	utricle of membranous labyrinth	6	0	2	organ_slim|pheno_slim|uberon_slim|vertebrate_core	INHERITED_ONLY
UBERON:0008814	pharyngeal arch system	6	0	0		NO_LINK
UBERON:0001783	optic disc	6	0	0	efo_slim|pheno_slim|uberon_slim	NO_LINK
UBERON:0016435	chest wall	6	0	0	pheno_slim	NO_LINK
UBERON:0000941	cranial nerve II	6	0	0	efo_slim|pheno_slim|uberon_slim|vertebrate_core	NO_LINK
UBERON:0002082	cardiac ventricle	6	2	9	efo_slim|pheno_slim|uberon_slim|vertebrate_core	DIRECT
UBERON:0000017	exocrine pancreas	6	2	7	organ_slim|pheno_slim|uberon_slim|vertebrate_core	DIRECT
UBERON:0014614	cervical spinal cord white matter	6	0	0		NO_LINK
UBERON:0002191	subiculum	6	0	0	pheno_slim|uberon_slim	NO_LINK
UBERON:0002022	insula	6	0	0	uberon_slim	NO_LINK
UBERON:0002661	superior frontal gyrus	6	0	0	efo_slim|uberon_slim	NO_LINK
UBERON:0002563	central nucleus of inferior colliculus	6	0	0		NO_LINK
UBERON:0004703	dorsal thalamus	6	0	1	pheno_slim|vertebrate_core	INHERITED_ONLY
UBERON:0002550	anterior hypothalamic region	6	0	1		INHERITED_ONLY
UBERON:0004222	stomach smooth muscle	6	0	3		INHERITED_ONLY
UBERON:0006761	corneo-scleral junction	6	1	1	efo_slim|pheno_slim|vertebrate_core	DIRECT
UBERON:0018131	periovarian fat pad	6	0	0		NO_LINK
UBERON:0001199	mucosa of stomach	6	0	8	pheno_slim|uberon_slim	INHERITED_ONLY
UBERON:7770006	transverse colon epithelium	5	0	0		NO_LINK
UBERON:0001366	parietal peritoneum	5	1	1	uberon_slim|vertebrate_core	DIRECT
UBERON:0001626	left coronary artery	5	0	0	uberon_slim	NO_LINK
UBERON:0002894	olfactory cortex	5	0	0	pheno_slim|uberon_slim	NO_LINK
UBERON:0002726	cervical spinal cord	5	0	0		NO_LINK
UBERON:0016531	white matter of parietal lobe	5	0	0		NO_LINK
UBERON:0001072	inferior vena cava	5	0	0	pheno_slim|uberon_slim	NO_LINK
UBERON:0000044	dorsal root ganglion	5	1	1	efo_slim|pheno_slim|uberon_slim|vertebrate_core	DIRECT
UBERON:0009958	bladder lumen	5	0	0		NO_LINK
UBERON:0001228	renal papilla	5	0	1	pheno_slim|uberon_slim	INHERITED_ONLY
UBERON:0002342	neural crest	5	1	2	pheno_slim|uberon_slim|vertebrate_core	DIRECT
UBERON:0016525	frontal lobe	5	0	8	efo_slim	INHERITED_ONLY
UBERON:0003038	thoracic spinal cord	5	0	0	uberon_slim	NO_LINK
UBERON:0007628	lateral septal complex	5	0	0		NO_LINK
UBERON:0015790	autopod skin	5	0	0		NO_LINK
UBERON:0036292	adnexa of uterus	5	0	0		NO_LINK
UBERON:0002429	cervical lymph node	5	0	0	pheno_slim|uberon_slim	NO_LINK
UBERON:0016528	white matter of frontal lobe	5	0	0		NO_LINK
UBERON:0001782	pigmented layer of retina	5	1	1	pheno_slim|uberon_slim|vertebrate_core	DIRECT
UBERON:0007795	ascitic fluid	5	0	0		NO_LINK
UBERON:0016534	white matter of temporal lobe	5	0	0		NO_LINK
UBERON:0004993	mucosa of sigmoid colon	5	0	0		NO_LINK
UBERON:0015143	mesenteric fat pad	5	0	0		NO_LINK
UBERON:0002049	vasculature	5	1	26	pheno_slim|uberon_slim|vertebrate_core	DIRECT
UBERON:0001515	thoracic aorta	5	1	1	efo_slim|pheno_slim|uberon_slim	DIRECT
UBERON:0003428	gonadal fat pad	5	0	0	efo_slim|pheno_slim	NO_LINK
UBERON:0035210	paracolic gutter	5	0	0		NO_LINK
UBERON:0004265	outflow tract myocardium	5	0	0		NO_LINK
UBERON:0002539	pharyngeal arch	5	0	0	efo_slim|pheno_slim|uberon_slim|vertebrate_core	NO_LINK
UBERON:0000080	mesonephros	5	1	3	efo_slim|organ_slim|pheno_slim|vertebrate_core	DIRECT
UBERON:0003697	abdominal wall	5	0	5	pheno_slim	INHERITED_ONLY
UBERON:0016535	white matter of occipital lobe	5	0	0		NO_LINK
UBERON:0010410	inguinal fat pad	5	0	0	pheno_slim	NO_LINK
UBERON:0035963	epithelial lining fluid	5	0	0		NO_LINK
UBERON:0001224	renal pelvis	5	1	4	pheno_slim|uberon_slim	DIRECT
UBERON:0001379	vastus lateralis	5	0	0	efo_slim|uberon_slim	NO_LINK
UBERON:8600137	transverse colon lamina propria	4	0	0		NO_LINK
UBERON:0001134	skeletal muscle tissue	4	5	5	pheno_slim|uberon_slim|vertebrate_core	DIRECT
UBERON:0009973	ureterovesical junction	4	0	0	pheno_slim	NO_LINK
UBERON:0012474	hepatic cecum	4	0	0		NO_LINK
UBERON:0001630	muscle organ	4	1	4	organ_slim|pheno_slim|uberon_slim|vertebrate_core	DIRECT
UBERON:0005969	eye trabecular meshwork	4	1	1	efo_slim|pheno_slim	DIRECT
UBERON:0001830	minor salivary gland	4	0	0	organ_slim|pheno_slim	NO_LINK
UBERON:0000331	ileal mucosa	4	0	1		INHERITED_ONLY
UBERON:0003216	hard palate	4	0	0	pheno_slim|uberon_slim	NO_LINK
UBERON:0001733	soft palate	4	0	0	pheno_slim|uberon_slim	NO_LINK
UBERON:0002174	middle lobe of right lung	4	0	0	pheno_slim|uberon_slim	NO_LINK
UBERON:8440010	Brodmann (1909) area 17	4	0	0		NO_LINK
UBERON:0001459	skin of external ear	4	0	0	pheno_slim	NO_LINK
UBERON:0004992	mucosa of descending colon	4	0	0		NO_LINK
UBERON:0004122	genitourinary system	4	0	0	efo_slim|pheno_slim	NO_LINK
UBERON:0001258	neck of urinary bladder	4	0	0	pheno_slim|uberon_slim	NO_LINK
UBERON:0000167	oral cavity	4	0	0	pheno_slim|uberon_slim|vertebrate_core	NO_LINK
UBERON:0004990	mucosa of ascending colon	4	0	0		NO_LINK
UBERON:0013540	Brodmann (1909) area 9	4	0	0		NO_LINK
UBERON:0001203	muscularis mucosae of stomach	4	0	0	pheno_slim	NO_LINK
UBERON:8600139	caecum lamina propria	4	0	0		NO_LINK
UBERON:0002427	arm skin	4	0	0		NO_LINK
UBERON:0003454	small intestine Peyer's patch	4	2	2		DIRECT
UBERON:8600049	dome of urinary bladder	4	0	0		NO_LINK
UBERON:0001943	midbrain tegmentum	4	0	2	efo_slim|pheno_slim|uberon_slim|vertebrate_core	INHERITED_ONLY
UBERON:0001775	ciliary body	4	1	3	pheno_slim|uberon_slim|vertebrate_core	DIRECT
UBERON:0012303	ureteral orifice	4	0	0	pheno_slim	NO_LINK
UBERON:0004121	ectoderm-derived structure	4	0	0	grouping_class	NO_LINK
UBERON:0001872	parietal lobe	4	0	0	efo_slim|pheno_slim|uberon_slim	NO_LINK
UBERON:0004004	cerebellum lobule	4	0	0	pheno_slim	NO_LINK
UBERON:0001675	trigeminal ganglion	4	0	0	efo_slim|pheno_slim|uberon_slim|vertebrate_core	NO_LINK
UBERON:0002809	right temporal lobe	4	0	0		NO_LINK
UBERON:0001068	skin of back	4	1	1	pheno_slim	DIRECT
UBERON:0003517	kidney blood vessel	4	1	4	pheno_slim|vertebrate_core	DIRECT
UBERON:0000314	cecum mucosa	4	0	0		NO_LINK
UBERON:0001729	oropharynx	4	0	0	efo_slim|pheno_slim|uberon_slim	NO_LINK
UBERON:0001727	taste bud	4	0	0	pheno_slim|uberon_slim|vertebrate_core	NO_LINK
UBERON:0000974	neck	4	0	1	efo_slim|pheno_slim|uberon_slim	INHERITED_ONLY
UBERON:0004086	brain ventricle	3	0	10	efo_slim|pheno_slim	INHERITED_ONLY
UBERON:0001869	cerebral hemisphere	3	0	79	efo_slim|pheno_slim|uberon_slim	INHERITED_ONLY
UBERON:0005564	gonad primordium	3	0	0	efo_slim|grouping_class|vertebrate_core	NO_LINK
UBERON:0002450	decidua	3	4	4	pheno_slim|uberon_slim	DIRECT
UBERON:0004023	ganglionic eminence	3	0	0	pheno_slim	NO_LINK
UBERON:8300000	skin of scalp	3	1	1		DIRECT
UBERON:0001051	hypopharynx	3	0	0	efo_slim|pheno_slim|uberon_slim	NO_LINK
UBERON:0010202	lateral line	3	0	6		INHERITED_ONLY
UBERON:0000965	lens of camera-type eye	3	1	2	pheno_slim|uberon_slim|vertebrate_core	DIRECT
UBERON:0003112	olfactory region	3	0	0	efo_slim	NO_LINK
UBERON:0005394	cortical layer V	3	5	6		DIRECT
UBERON:0001772	corneal epithelium	3	1	1	efo_slim|pheno_slim|uberon_slim|vertebrate_core	DIRECT
UBERON:0018303	adrenal tissue	3	0	0		NO_LINK
UBERON:0003544	brain white matter	3	0	0	pheno_slim	NO_LINK
UBERON:0002361	pia mater	3	0	0	pheno_slim|uberon_slim	NO_LINK
UBERON:0036294	mucosa of lip	3	0	0		NO_LINK
UBERON:0000162	cloaca	3	0	0		NO_LINK
UBERON:0001737	larynx	3	0	0	efo_slim|pheno_slim|uberon_slim	NO_LINK
UBERON:0003679	mouth floor	3	0	0	efo_slim|pheno_slim	NO_LINK
UBERON:7770008	sigmoid colon epithelium	3	0	0		NO_LINK
UBERON:0001728	nasopharynx	3	1	1	pheno_slim|uberon_slim	DIRECT
UBERON:0004499	skeletal muscle tissue of tibialis anterior	3	0	0		NO_LINK
UBERON:0001090	synovial fluid	3	0	0	uberon_slim|vertebrate_core	NO_LINK
UBERON:0005395	cortical layer VI	3	4	5		DIRECT
UBERON:0001443	chest	3	0	5	efo_slim|pheno_slim|uberon_slim	INHERITED_ONLY
UBERON:0008337	inguinal part of abdomen	3	0	0	efo_slim	NO_LINK
UBERON:0015838	molar dental pulp	3	0	0		NO_LINK
UBERON:0003346	mucosa of rectum	3	0	0		NO_LINK
UBERON:0001624	anterior cerebral artery	3	0	0	uberon_slim	NO_LINK
UBERON:0014374	embryoid body	3	0	0	efo_slim	NO_LINK
UBERON:8600136	sigmoid colon lamina propria	3	0	0		NO_LINK
UBERON:0001754	dental pulp	3	2	2	pheno_slim|uberon_slim|vertebrate_core	DIRECT
UBERON:0000320	duodenal mucosa	3	0	4		INHERITED_ONLY
UBERON:0011602	gingiva of lower jaw	3	0	0	pheno_slim	NO_LINK
UBERON:0001777	substantia propria of cornea	3	1	1	efo_slim|pheno_slim|uberon_slim|vertebrate_core	DIRECT
UBERON:0001684	mandible	3	0	0	efo_slim|pheno_slim|uberon_slim	NO_LINK
UBERON:0002299	alveolus of lung	3	4	5	efo_slim|pheno_slim|uberon_slim	DIRECT
UBERON:0001886	choroid plexus	3	3	7	efo_slim|pheno_slim|uberon_slim|vertebrate_core	DIRECT
UBERON:0002199	integument	3	0	49	pheno_slim|uberon_slim|vertebrate_core	INHERITED_ONLY
UBERON:0002067	dermis	3	7	10	efo_slim|pheno_slim|uberon_slim|vertebrate_core	DIRECT
UBERON:0000399	jejunal mucosa	3	0	1		INHERITED_ONLY
UBERON:0011189	lamina propria of large intestine	3	4	4		DIRECT
UBERON:0022352	medial orbital frontal cortex	3	0	0		NO_LINK
UBERON:0000115	lung epithelium	3	4	4	pheno_slim	DIRECT
UBERON:0000004	nose	3	0	3	efo_slim|major_organ|pheno_slim|uberon_slim|vertebrate_core	INHERITED_ONLY
UBERON:8440000	cortical layer II/III	3	2	2		DIRECT
UBERON:0013538	Brodmann (1909) area 7	3	0	0		NO_LINK
UBERON:0004528	alveolar ridge of mandible	3	0	0	pheno_slim	NO_LINK
UBERON:0001997	olfactory epithelium	3	3	3	efo_slim|pheno_slim|uberon_slim|vertebrate_core	DIRECT
UBERON:0000411	visual cortex	3	0	0	efo_slim	NO_LINK
UBERON:0012430	tunica fibrosa of eyeball	3	0	3		INHERITED_ONLY
UBERON:0003067	dorsolateral placode	2	0	0		NO_LINK
UBERON:0003076	posterior neural tube	2	0	0		NO_LINK
UBERON:0003059	presomitic mesoderm	2	2	2	efo_slim|pheno_slim	DIRECT
UBERON:0002120	pronephros	2	1	2	efo_slim|organ_slim|uberon_slim	DIRECT
UBERON:0005725	olfactory system	2	1	5	efo_slim|pheno_slim|vertebrate_core	DIRECT
UBERON:0006860	swim bladder	2	0	0	efo_slim|organ_slim	NO_LINK
UBERON:0001792	ganglionic layer of retina	2	1	1	pheno_slim|uberon_slim|vertebrate_core	DIRECT
UBERON:0015867	cystic lymph node	2	0	0		NO_LINK
UBERON:0002328	notochord	2	1	1	pheno_slim|uberon_slim|vertebrate_core	DIRECT
UBERON:0008954	lingula of left lung	2	0	0		NO_LINK
UBERON:0003072	optic cup	2	0	0	pheno_slim|vertebrate_core	NO_LINK
UBERON:0005068	neural rod	2	0	0	efo_slim	NO_LINK
UBERON:0002827	vestibulocochlear ganglion	2	0	2	efo_slim|pheno_slim|vertebrate_core	INHERITED_ONLY
UBERON:0009848	zona limitans intrathalamica	2	0	0		NO_LINK
UBERON:0000391	leptomeninx	2	1	2	organ_slim	DIRECT
UBERON:0003528	brain gray matter	2	0	9		INHERITED_ONLY
UBERON:0004024	medial ganglionic eminence	2	0	0	pheno_slim	NO_LINK
UBERON:0003053	ventricular zone	2	0	0	efo_slim|vertebrate_core	NO_LINK
UBERON:0014455	subcutaneous abdominal adipose tissue	2	0	0		NO_LINK
UBERON:0002538	hatching gland	2	0	0	efo_slim|uberon_slim	NO_LINK
UBERON:0001377	quadriceps femoris	2	0	0	efo_slim|pheno_slim|uberon_slim	NO_LINK
UBERON:0001277	intestinal epithelium	2	10	33	pheno_slim|uberon_slim|vertebrate_core	DIRECT
UBERON:0004638	blood vessel endothelium	2	1	2	pheno_slim|vertebrate_core	DIRECT
UBERON:0001242	intestinal mucosa	2	0	57	pheno_slim|uberon_slim	INHERITED_ONLY
UBERON:2001200	corpuscles of Stannius	2	0	0		NO_LINK
UBERON:0000204	ventral part of telencephalon	2	0	10	developmental_classification|efo_slim	INHERITED_ONLY
UBERON:0001904	habenula	2	0	0	pheno_slim|uberon_slim|vertebrate_core	NO_LINK
UBERON:0006562	pharynx	2	0	4	grouping_class|uberon_slim	INHERITED_ONLY
UBERON:0001133	cardiac muscle tissue	2	1	15	pheno_slim|uberon_slim|vertebrate_core	DIRECT
UBERON:0001130	vertebral column	2	0	1	efo_slim|pheno_slim|uberon_slim|vertebrate_core	INHERITED_ONLY
UBERON:0005305	thyroid follicle	2	0	1	pheno_slim|uberon_slim|vertebrate_core	INHERITED_ONLY
UBERON:0000054	macula	2	1	1	pheno_slim|uberon_slim	DIRECT
UBERON:0005419	pectoral appendage bud	2	0	0	efo_slim	NO_LINK
UBERON:0003894	liver primordium	2	0	0	efo_slim|pheno_slim|vertebrate_core	NO_LINK
UBERON:0002463	muscle of posterior compartment of hindlimb stylopod	2	0	0	uberon_slim	NO_LINK
UBERON:2000040	median fin fold	2	0	0		NO_LINK
UBERON:0009127	epibranchial ganglion	2	0	9		INHERITED_ONLY
UBERON:0002329	somite	2	0	0	pheno_slim|uberon_slim|vertebrate_core	NO_LINK
UBERON:0003089	sclerotome	2	0	0	pheno_slim|uberon_slim|vertebrate_core	NO_LINK
UBERON:0006630	left atrium auricular region	2	0	0	pheno_slim	NO_LINK
UBERON:0001625	right coronary artery	2	0	0	uberon_slim	NO_LINK
UBERON:0003701	calcaneal tendon	2	0	0	pheno_slim	NO_LINK
UBERON:0002810	right frontal lobe	2	0	0		NO_LINK
UBERON:0001474	bone element	2	2	17	efo_slim|major_organ|organ_slim|pheno_slim|uberon_slim|vertebrate_core	DIRECT
UBERON:0010959	craniocervical muscle	2	0	0		NO_LINK
UBERON:0001511	skin of leg	2	0	0		NO_LINK
UBERON:0004741	cleithrum	2	0	0	efo_slim	NO_LINK
UBERON:0003082	myotome	2	0	0	pheno_slim|uberon_slim|vertebrate_core	NO_LINK
UBERON:2000120	lateral line ganglion	2	1	2	efo_slim	DIRECT
UBERON:0002808	left temporal lobe	2	0	0		NO_LINK
UBERON:0003837	thoracic segment connective tissue	2	0	0		NO_LINK
UBERON:0003055	periderm	2	1	1	pheno_slim|uberon_slim	DIRECT
UBERON:0006908	fast muscle tissue	2	0	0		NO_LINK
UBERON:0001840	semicircular canal	2	0	2	pheno_slim|uberon_slim|vertebrate_core	INHERITED_ONLY
UBERON:0006907	slow muscle tissue	2	0	0		NO_LINK
UBERON:0008777	hypaxial musculature	2	0	0		NO_LINK
UBERON:0005721	pronephric mesoderm	2	0	0	efo_slim	NO_LINK
UBERON:0004152	bulbus arteriosus	2	0	0	efo_slim	NO_LINK
UBERON:0039167	bronchopulmonary lymph node	2	0	0		NO_LINK
UBERON:0002169	alveolar sac	2	0	0	pheno_slim|uberon_slim	NO_LINK
UBERON:0005087	tooth placode	2	0	0		NO_LINK
UBERON:0003061	blood island	2	0	0	efo_slim|pheno_slim|uberon_slim|vertebrate_core	NO_LINK
UBERON:0014848	tendon of quadriceps femoris	2	0	0		NO_LINK
UBERON:0016479	capsule of liver	2	0	0		NO_LINK
UBERON:0001769	iris	2	0	3	efo_slim|pheno_slim|uberon_slim|vertebrate_core	INHERITED_ONLY
UBERON:0002967	cingulate gyrus	2	0	0	pheno_slim|uberon_slim	NO_LINK
UBERON:0003058	hypochord	2	0	0	dubious_grouping|efo_slim	NO_LINK
UBERON:0035328	upper outer quadrant of breast	2	0	0		NO_LINK
UBERON:0004026	caudal ganglionic eminence	2	0	0	efo_slim|pheno_slim	NO_LINK
UBERON:0001809	enteric ganglion	2	1	1	pheno_slim	DIRECT
UBERON:0005426	lens vesicle	2	0	0	pheno_slim|vertebrate_core	NO_LINK
UBERON:0002428	limb bone	2	0	0	efo_slim|pheno_slim	NO_LINK
UBERON:0004135	distal tubule	2	1	10		DIRECT
UBERON:0034891	insular cortex	2	0	0		NO_LINK
UBERON:0004989	mucosa of appendix	2	0	4		INHERITED_ONLY
UBERON:0006631	right atrium auricular region	2	0	0	pheno_slim	NO_LINK
UBERON:0012168	umbilical cord blood	2	1	1	efo_slim	DIRECT
UBERON:0001985	corneal endothelium	2	1	1	pheno_slim|uberon_slim|vertebrate_core	DIRECT
UBERON:0004092	hypothalamus-pituitary axis	2	0	0	pheno_slim	NO_LINK
UBERON:0002042	lymphatic vessel endothelium	2	0	0	pheno_slim|vertebrate_core	NO_LINK
UBERON:0009881	anterior lateral plate mesoderm	2	0	0	efo_slim	NO_LINK
UBERON:0003566	head connective tissue	2	0	0		NO_LINK
UBERON:0001496	ascending aorta	2	0	0	pheno_slim|uberon_slim	NO_LINK
UBERON:0003079	floor plate	2	0	0	efo_slim|pheno_slim|uberon_slim|vertebrate_core	NO_LINK
UBERON:0002110	gallbladder	2	3	3	efo_slim|organ_slim|pheno_slim|uberon_slim|vertebrate_core	DIRECT
UBERON:0002803	right parietal lobe	2	0	0		NO_LINK
UBERON:0004739	pronephric glomerulus	2	0	0		NO_LINK
UBERON:0003051	ear vesicle	2	0	0	pheno_slim|vertebrate_core	NO_LINK
UBERON:0003099	cranial neural crest	2	0	0	efo_slim|uberon_slim|vertebrate_core	NO_LINK
UBERON:0002101	limb	2	1	4	efo_slim|pheno_slim|uberon_slim	DIRECT
UBERON:0000151	pectoral fin	2	0	0		NO_LINK
UBERON:0002165	endocardium	2	1	2	efo_slim|pheno_slim|uberon_slim|vertebrate_core	DIRECT
UBERON:0005413	spinocerebellar tract	2	0	0	pheno_slim	NO_LINK
UBERON:0004088	orbital region	2	1	52	pheno_slim	DIRECT
UBERON:0001932	arcuate nucleus of hypothalamus	2	3	3	uberon_slim	DIRECT
UBERON:0002171	lower lobe of right lung	2	0	0	pheno_slim	NO_LINK
UBERON:0002802	left parietal lobe	2	0	0		NO_LINK
UBERON:0002811	left frontal lobe	2	0	0		NO_LINK
UBERON:0002256	dorsal horn of spinal cord	2	2	2	pheno_slim|vertebrate_core	DIRECT
UBERON:0006857	interrenal primordium	2	0	0		NO_LINK
UBERON:0001789	outer nuclear layer of retina	2	0	0	pheno_slim|vertebrate_core	NO_LINK
UBERON:0009635	parachordal cartilage	2	0	0		NO_LINK
UBERON:0035886	posterior parietal association areas	2	0	0		NO_LINK
UBERON:0003084	heart primordium	2	0	0	uberon_slim	NO_LINK
UBERON:0003922	pancreatic epithelial bud	2	0	0	efo_slim	NO_LINK
UBERON:0002170	upper lobe of right lung	2	0	0	pheno_slim	NO_LINK
UBERON:0003357	epithelium of tongue	2	0	0	pheno_slim	NO_LINK
UBERON:0007811	craniocervical region	2	0	84	pheno_slim	INHERITED_ONLY
UBERON:0004117	pharyngeal pouch	2	0	0	efo_slim|pheno_slim|vertebrate_core	NO_LINK
UBERON:0001714	cranial ganglion	2	0	4	efo_slim|pheno_slim|uberon_slim|vertebrate_core	INHERITED_ONLY
UBERON:0001287	proximal convoluted tubule	2	1	3	pheno_slim|uberon_slim|vertebrate_core	DIRECT
UBERON:0004017	periocular mesenchyme	2	0	0	pheno_slim	NO_LINK
UBERON:0004160	proepicardium	2	0	0		NO_LINK
UBERON:0002196	adenohypophysis	2	2	4	efo_slim|pheno_slim|uberon_slim|vertebrate_core	DIRECT
UBERON:0001791	inner nuclear layer of retina	2	2	2	pheno_slim|vertebrate_core	DIRECT
UBERON:0002046	thyroid gland	2	2	4	efo_slim|organ_slim|pheno_slim|uberon_slim	DIRECT
UBERON:0003052	midbrain-hindbrain boundary	2	0	0	pheno_slim|uberon_slim|vertebrate_core	NO_LINK
UBERON:0003083	trunk neural crest	2	0	0	efo_slim|uberon_slim	NO_LINK
UBERON:0005396	carotid artery segment	2	1	1	efo_slim|grouping_class|pheno_slim|vertebrate_core	DIRECT
UBERON:0014454	visceral abdominal adipose tissue	2	0	0		NO_LINK
UBERON:0000378	tongue muscle	2	1	1	pheno_slim	DIRECT
UBERON:0001085	skin of trunk	2	0	1		INHERITED_ONLY
UBERON:0001393	auditory cortex	2	0	0	pheno_slim|uberon_slim	NO_LINK
UBERON:0003081	lateral plate mesoderm	2	0	1	pheno_slim|uberon_slim	INHERITED_ONLY
UBERON:0023852	temporoparietal junction	2	0	0		NO_LINK
UBERON:0001768	uvea	2	1	11	pheno_slim|uberon_slim	DIRECT
UBERON:0014918	retrosplenial granular cortex	1	0	0	pheno_slim	NO_LINK
UBERON:0005384	nasal cavity epithelium	1	2	2	pheno_slim	DIRECT
UBERON:0013541	Brodmann (1909) area 10	1	0	0		NO_LINK
UBERON:0004929	submucosa of ascending colon	1	0	0		NO_LINK
UBERON:0006679	carina of trachea	1	0	0		NO_LINK
UBERON:0002245	cerebellar hemisphere	1	0	0	pheno_slim|uberon_slim	NO_LINK
UBERON:0003584	mammary gland connective tissue	1	0	0	pheno_slim	NO_LINK
UBERON:0016526	lobe of cerebral hemisphere	1	0	18		INHERITED_ONLY
UBERON:0004946	submucosa of ileum	1	0	0		NO_LINK
UBERON:0002382	rectus abdominis muscle	1	0	0	organ_slim|pheno_slim|uberon_slim	NO_LINK
UBERON:0001471	skin of prepuce of penis	1	1	1	pheno_slim	DIRECT
UBERON:0007106	chorionic villus	1	0	0		NO_LINK
UBERON:0013067	colorectal mucosa	1	0	0		NO_LINK
UBERON:0000403	scalp	1	1	2	pheno_slim	DIRECT
UBERON:8410021	inguinal region skin	1	0	0	added_for_HCA	NO_LINK
UBERON:0013756	venous blood	1	1	1		DIRECT
UBERON:0003403	skin of forearm	1	0	0		NO_LINK
UBERON:0035213	basal zone of heart	1	0	0		NO_LINK
UBERON:0005406	perirenal fat	1	2	2		DIRECT
UBERON:0010052	mucosa of dorsum of tongue	1	0	0		NO_LINK
UBERON:0004339	vault of skull	1	0	0	pheno_slim	NO_LINK
UBERON:0002756	anterior cingulate gyrus	1	0	0	uberon_slim	NO_LINK
UBERON:0007616	layer of synovial tissue	1	0	2		INHERITED_ONLY
UBERON:0005616	mesenteric artery	1	0	0		NO_LINK
UBERON:0000977	pleura	1	1	3	efo_slim|pheno_slim|uberon_slim	DIRECT
UBERON:0003594	pelvis connective tissue	1	0	0		NO_LINK
UBERON:0000344	mucosa	1	0	10	pheno_slim	INHERITED_ONLY
UBERON:0002012	pulmonary artery	1	3	3	efo_slim|pheno_slim|uberon_slim	DIRECT
UBERON:0002129	cerebellar cortex	1	1	1	pheno_slim|uberon_slim	DIRECT
UBERON:8480050	skin of calf	1	0	0		NO_LINK
UBERON:0000410	bronchial mucosa	1	0	0		NO_LINK
UBERON:8410000	duodeno-jejunal junction	1	0	0		NO_LINK
UBERON:0014892	skeletal muscle organ, vertebrate	1	0	5		INHERITED_ONLY
UBERON:0004262	upper leg skin	1	1	1		DIRECT
UBERON:8480031	tooth root apical papilla	1	0	0		NO_LINK
UBERON:0001049	neural tube	1	0	0	pheno_slim|uberon_slim|vertebrate_core	NO_LINK
UBERON:0000014	zone of skin	1	0	8	pheno_slim	INHERITED_ONLY
UBERON:0005609	iliac artery	1	0	0	grouping_class	NO_LINK
UBERON:0000416	subdural space	1	0	0		NO_LINK
UBERON:0000993	oviduct	1	1	24	efo_slim|uberon_slim|vertebrate_core	DIRECT
UBERON:0001638	vein	1	1	12	efo_slim|pheno_slim|uberon_slim|vertebrate_core	DIRECT
UBERON:0001087	pleural fluid	1	0	0	uberon_slim	NO_LINK
UBERON:0010415	barrel cortex	1	0	0	pheno_slim	NO_LINK
UBERON:8440075	gustatory cortex	1	0	0		NO_LINK
UBERON:0014648	hemisphere part of cerebellar posterior lobe	1	0	0		NO_LINK
UBERON:0002060	femoral artery	1	0	0	uberon_slim	NO_LINK
UBERON:0002385	muscle tissue	1	0	16	uberon_slim	INHERITED_ONLY
UBERON:0003532	hindlimb skin	1	0	0		NO_LINK
UBERON:0001294	inner medulla of kidney	1	1	10	pheno_slim	DIRECT
UBERON:0001637	artery	1	1	8	efo_slim|pheno_slim|uberon_slim|vertebrate_core	DIRECT
UBERON:0004264	lower leg skin	1	0	0		NO_LINK
UBERON:3000645	corpus	1	0	0		NO_LINK
UBERON:0003663	hindlimb muscle	1	0	0	efo_slim	NO_LINK
UBERON:0001508	arch of aorta	1	0	0	pheno_slim|uberon_slim	NO_LINK
UBERON:0036245	parenchyma of mammary gland	1	0	0		NO_LINK
UBERON:0035835	apical region of left ventricle	1	0	0		NO_LINK
UBERON:0000117	respiratory tube	1	0	34		INHERITED_ONLY
UBERON:0018105	perifoveal part of retina	1	0	0		NO_LINK
UBERON:0022276	splenic flexure of colon	1	0	0		NO_LINK
UBERON:0010506	meningeal dura mater	1	0	0		NO_LINK
UBERON:0002363	dura mater	1	1	1	organ_slim|pheno_slim|uberon_slim	DIRECT
UBERON:8480030	skin of breast	1	0	0		NO_LINK
UBERON:0001707	nasal cavity	1	0	0	pheno_slim|uberon_slim|vertebrate_core	NO_LINK
UBERON:0034765	glabella skin	1	0	0		NO_LINK
UBERON:0001836	saliva	1	0	0	uberon_slim	NO_LINK
UBERON:0001300	scrotum	1	0	0	pheno_slim|uberon_slim	NO_LINK
UBERON:0002021	occipital lobe	1	0	0	efo_slim|pheno_slim|uberon_slim	NO_LINK
UBERON:0001901	epithelium of trachea	1	5	5	pheno_slim	DIRECT
UBERON:0001913	milk	1	0	0	pheno_slim|uberon_slim	NO_LINK
UBERON:0002228	rib	1	0	0	efo_slim|pheno_slim|uberon_slim|vertebrate_core	NO_LINK
UBERON:1000021	skin of face	1	1	1	pheno_slim|phenotype_rcn	DIRECT
UBERON:0003105	dorsal lateral plate region	1	0	0	efo_slim|uberon_slim	NO_LINK
UBERON:0002489	coronal suture	1	0	0	pheno_slim|uberon_slim	NO_LINK
UBERON:0001293	outer medulla of kidney	1	1	10	pheno_slim	DIRECT
UBERON:0001554	skin of hip	1	0	0		NO_LINK
UBERON:0002340	epithelium of main bronchus	1	0	0		NO_LINK
UBERON:0004648	esophagus muscularis mucosa	1	0	0		NO_LINK
UBERON:8000004	central retina	1	0	0		NO_LINK
UBERON:0004025	lateral ganglionic eminence	1	0	0	pheno_slim	NO_LINK
UBERON:0002041	terminal bronchus	1	0	0	organ_slim	NO_LINK
UBERON:8480060	paraspinal region	1	0	0		NO_LINK
UBERON:0001776	optic choroid	1	2	2	pheno_slim|uberon_slim|vertebrate_core	DIRECT
UBERON:0010172	bulb of aorta	1	0	0	pheno_slim	NO_LINK
UBERON:0001510	skin of knee	1	0	0		NO_LINK
UBERON:0004070	cerebellum vermis lobule	1	0	0	pheno_slim	NO_LINK
UBERON:0001514	descending aorta	1	0	0	pheno_slim|uberon_slim	NO_LINK
UBERON:0005343	cortical plate	1	0	0	pheno_slim	NO_LINK
UBERON:0036288	anterior wall of left ventricle	1	0	0		NO_LINK
UBERON:0010230	eyeball of camera-type eye	1	0	36	pheno_slim	INHERITED_ONLY
UBERON:8480009	tendon of semitendinosus	1	0	0		NO_LINK
UBERON:0002167	right lung	1	0	0	pheno_slim|uberon_slim	NO_LINK
UBERON:0004145	outflow tract	1	0	0	pheno_slim	NO_LINK
UBERON:0002420	basal ganglion	1	1	15	efo_slim|pheno_slim|uberon_slim	DIRECT
UBERON:0002184	segmental bronchus	1	0	0	organ_slim|uberon_slim	NO_LINK
UBERON:0000074	renal glomerulus	1	2	9	efo_slim|pheno_slim|vertebrate_core	DIRECT
UBERON:0001097	axillary lymph node	1	0	0	pheno_slim|uberon_slim	NO_LINK
UBERON:0000088	trophoblast	1	0	1	early_development|pheno_slim	INHERITED_ONLY
UBERON:0001385	tibialis anterior	1	0	0	efo_slim|pheno_slim|uberon_slim	NO_LINK
UBERON:0001483	skin of shoulder	1	0	0		NO_LINK
UBERON:0000926	mesoderm	1	1	3	efo_slim|pheno_slim|uberon_slim|vertebrate_core	DIRECT
UBERON:0002870	dorsal motor nucleus of vagus nerve	1	0	0	uberon_slim	NO_LINK
UBERON:0001513	skin of pes	1	0	0	pheno_slim	NO_LINK
UBERON:0002132	dentate nucleus	1	0	0	pheno_slim|uberon_slim	NO_LINK
UBERON:0002807	right occipital lobe	1	0	0		NO_LINK
UBERON:0008971	left colon	1	0	0		NO_LINK
UBERON:0007625	pigment epithelium of eye	1	0	0	pheno_slim	NO_LINK
UBERON:0003704	intrahepatic bile duct	1	0	1	pheno_slim|vertebrate_core	INHERITED_ONLY
UBERON:0003968	peripheral lymph node	1	0	0	pheno_slim	NO_LINK
UBERON:0002484	bone marrow cavity	1	0	0	pheno_slim	NO_LINK
UBERON:0001275	pubis	1	0	0	pheno_slim|uberon_slim	NO_LINK
UBERON:0002168	left lung	1	0	0	pheno_slim|uberon_slim	NO_LINK
UBERON:0002477	medial globus pallidus	1	0	0	uberon_slim	NO_LINK
UBERON:0015880	external iliac lymph node	1	0	0		NO_LINK
UBERON:0035895	lateral visual area	1	0	0		NO_LINK
UBERON:0001174	common bile duct	1	0	0	pheno_slim|uberon_slim|vertebrate_core	NO_LINK
UBERON:0004809	salivary gland epithelium	1	1	1	pheno_slim	DIRECT
UBERON:0002294	biliary system	1	0	6	pheno_slim|uberon_slim	INHERITED_ONLY
UBERON:0001417	skin of neck	1	0	0		NO_LINK
UBERON:0001301	epididymis	1	1	1	efo_slim|pheno_slim|uberon_slim	DIRECT
UBERON:0000002	uterine cervix	1	3	4	efo_slim|pheno_slim|uberon_slim	DIRECT
UBERON:0003027	cingulate cortex	1	0	0	efo_slim|uberon_slim	NO_LINK
UBERON:0001359	cerebrospinal fluid	1	0	0	efo_slim|pheno_slim|uberon_slim|vertebrate_core	NO_LINK
