ID	LABEL	Definition	def_xref	is_a	part_of	develops_from	In_subset	Date	Contributor	Present_in_taxon	Wikipedia_image	xref
ID	LABEL	A IAO:0000115	>A oboInOwl:hasDbXref SPLIT=|	SC %	SC BFO:0000050 some %	SC RO:0002202 some %	AI oboInOwl:inSubset	AT dcterms:date^^xsd:dateTime	AI dcterms:contributor	AI RO:0002175	A foaf:depiction	A oboInOwl:hasDbXref SPLIT=|
http://purl.obolibrary.org/obo/UBERON_8930002	alveolar capillary	A capillary that is part of the alveolar wall and participates in the blood-gas barrier, facilitating gas exchange between the alveolar air space and the blood. Alveolar capillaries form an extensive network around the pulmonary alveoli, where oxygen diffuses from the alveolar air into the blood and carbon dioxide diffuses from the blood into the alveolar air.	DOI:10.1152/japplphysiol.01177.2009|PMID:34499087|PMID:27981379	UBERON:0001982	UBERON:0002299		http://purl.obolibrary.org/obo/uberon/core#added_by_HRA	2026-05-25T00:00:00Z	https://orcid.org/0000-0002-2999-0103	http://purl.obolibrary.org/obo/NCBITaxon_9606	https://upload.wikimedia.org/wikipedia/commons/4/46/Alveolus_diagram.svg	CCF:ASCTB-TEMP_alveolar-capillary
http://purl.obolibrary.org/obo/UBERON_8930003	alveolar mucosa capillary	A capillary that is part of the alveolar mucosa and contributes to the vascular plexus providing nutrition to the oral mucosa lining between the buccal and labial mucosae.	PMID:41554560	UBERON:0001982	UBERON:0035967		http://purl.obolibrary.org/obo/uberon/core#added_by_HRA	2026-05-25T00:00:00Z	https://orcid.org/0000-0002-2999-0103	http://purl.obolibrary.org/obo/NCBITaxon_9606		FMA:289360|CCF:ASCTB-TEMP_alveolar-mucosa-capillary
http://purl.obolibrary.org/obo/UBERON_8930004	anterior lingual gland capillary	A capillary that is part of the anterior lingual gland, one of the smallest blood vessels connecting arterioles to venules within the mucous glands located near the apex of the tongue.	PMID:42098967	UBERON:0001982	UBERON:0006330		http://purl.obolibrary.org/obo/uberon/core#added_by_HRA	2026-05-25T00:00:00Z	https://orcid.org/0000-0002-2999-0103	http://purl.obolibrary.org/obo/NCBITaxon_9606		CCF:ASCTB-TEMP_anterior-lingual-gland-capillary
http://purl.obolibrary.org/obo/UBERON_8930005	capillary of spleen	A capillary that is part of the spleen.	PMID:29420557	UBERON:0001982	UBERON:0002106		http://purl.obolibrary.org/obo/uberon/core#added_by_HRA	2026-05-25T00:00:00Z	https://orcid.org/0000-0002-2999-0103	http://purl.obolibrary.org/obo/NCBITaxon_9606		CCF:ASCTB-TEMP_arterial-capillary
http://purl.obolibrary.org/obo/UBERON_8930006	bronchial capillary	A capillary that is part of the bronchial circulation, connecting bronchial arterioles and venules, and supplying the walls of the bronchi with oxygenated blood.	PMID:41562526	UBERON:0001982	UBERON:0002185		http://purl.obolibrary.org/obo/uberon/core#added_by_HRA	2026-05-25T00:00:00Z	https://orcid.org/0000-0002-2999-0103	http://purl.obolibrary.org/obo/NCBITaxon_9606		CCF:ASCTB-TEMP_bronchial-capillary
http://purl.obolibrary.org/obo/UBERON_8930007	buccal mucosa capillary	A capillary that is part of the buccal mucosa, forming part of the microvascular network that supplies blood to the inner lining of the cheeks and lips.	PMID:12737514|PMID:29223560	UBERON:0001982	UBERON:0006956		http://purl.obolibrary.org/obo/uberon/core#added_by_HRA	2026-05-25T00:00:00Z	https://orcid.org/0000-0002-2999-0103	http://purl.obolibrary.org/obo/NCBITaxon_9606		CCF:ASCTB-TEMP_buccal-mucosa-capillary
http://purl.obolibrary.org/obo/UBERON_8930008	capillary plexus of posterior pituitary gland	A capillary plexus that forms a dense vascular network in the posterior pituitary gland, receiving secreted neurohypophysial hormones (oxytocin and vasopressin) from axon terminals of hypothalamic neurons for distribution into systemic circulation.	https://basicmedicalkey.com/endocrine-system-3/|PMID:941854	UBERON:0035753	UBERON:0002198		http://purl.obolibrary.org/obo/uberon/core#added_by_HRA	2026-05-25T00:00:00Z	https://orcid.org/0000-0002-2999-0103	http://purl.obolibrary.org/obo/NCBITaxon_9606		CCF:ASCTB-TEMP_capillary-plexus-of-posterior-pituitary-gland
http://purl.obolibrary.org/obo/UBERON_8930009	parotid gland capillary	A capillary that is part of the parotid gland, forming part of the microvascular network that supplies blood to the glandular parenchyma and facilitates exchange between blood and the secretory acini.	PMID:41860412	UBERON:0001982	UBERON:0001831		http://purl.obolibrary.org/obo/uberon/core#added_by_HRA	2026-05-25T00:00:00Z	https://orcid.org/0000-0002-2999-0103	http://purl.obolibrary.org/obo/NCBITaxon_9606		CCF:ASCTB-TEMP_deep-parotid-gland-capillary|CCF:ASCTB-TEMP_superior-parotid-gland-capillary
http://purl.obolibrary.org/obo/UBERON_8930010	external primary capillary plexus of median eminence	A capillary plexus that is formed by terminal branches of the superior hypophysial arteries within the median eminence and serves as the primary site where hypothalamic releasing hormones are secreted into the hypophyseal portal circulation before being transported to the anterior pituitary.	https://basicmedicalkey.com/endocrine-system-3/|PMID:28722251|PMID:29254602	UBERON:0035753	UBERON:0002197		http://purl.obolibrary.org/obo/uberon/core#added_by_HRA	2026-05-25T00:00:00Z	https://orcid.org/0000-0002-2999-0103	http://purl.obolibrary.org/obo/NCBITaxon_9606		CCF:ASCTB-TEMP_external-primary-capillary-plexus-of-median-eminence
http://purl.obolibrary.org/obo/UBERON_8930011	inferior labial gland capillary	A capillary that is part of the labial gland and contributes to the microvascular network supplying blood to the secretory and ductal components of the minor salivary gland tissue in the lower lip.	PMID:34422599	UBERON:0001982	UBERON:8480065		http://purl.obolibrary.org/obo/uberon/core#added_by_HRA	2026-05-25T00:00:00Z	https://orcid.org/0000-0002-2999-0103	http://purl.obolibrary.org/obo/NCBITaxon_9606		CCF:ASCTB-TEMP_inferior-labial-gland-capillary
http://purl.obolibrary.org/obo/UBERON_8930012	internal primary capillary plexus of median eminence	A capillary plexus located in the internal (deeper) zone of the median eminence, where neurosecretory terminals from hypothalamic neurons release regulatory hormones. This capillary network forms the initial collection point of the hypothalamo-hypophyseal portal system, receiving hypothalamic releasing and inhibiting hormones before they are transported via portal vessels to the anterior pituitary. The internal plexus is distinguished from the external plexus by its deeper position within the median eminence structure and its proximity to the primary neurosecretory terminals.	https://basicmedicalkey.com/endocrine-system-3/|PMID:1571958|PMID:2891718	UBERON:0035753	UBERON:0002197		http://purl.obolibrary.org/obo/uberon/core#added_by_HRA	2026-05-25T00:00:00Z	https://orcid.org/0000-0002-2999-0103	http://purl.obolibrary.org/obo/NCBITaxon_9606	https://upload.wikimedia.org/wikipedia/commons/8/8c/HypothalamicNuclei.PNG	CCF:ASCTB-TEMP_internal-primary-capillary-plexus-of-median-eminence
http://purl.obolibrary.org/obo/UBERON_8930013	lobular capillary of pancreas	A capillary that is located within a pancreatic lobule, forming part of the lobular microcirculation that supplies blood to the exocrine acini and islets of Langerhans.	PMID:253377	UBERON:0001982	UBERON:0007324		http://purl.obolibrary.org/obo/uberon/core#added_by_HRA	2026-05-25T00:00:00Z	https://orcid.org/0000-0002-2999-0103	http://purl.obolibrary.org/obo/NCBITaxon_9606		CCF:ASCTB-TEMP_lobular-capillary-of-pancreas
http://purl.obolibrary.org/obo/UBERON_8930014	dental pulp capillary	A capillary that is part of the dental pulp and supplies blood to the soft connective tissue within the tooth pulp chamber, connecting arterioles to venules within the neurovascular bundle of the tooth.	PMID:42091722|PMID:41897326	UBERON:0001982	UBERON:0001754		http://purl.obolibrary.org/obo/uberon/core#added_by_HRA	2026-05-25T00:00:00Z	https://orcid.org/0000-0002-2999-0103	http://purl.obolibrary.org/obo/NCBITaxon_9606		CCF:ASCTB-TEMP_maxillary-pulp-capillary
http://purl.obolibrary.org/obo/UBERON_8930015	palatine gland capillary	A capillary that is part of the vascular network supplying the palatine gland, providing blood flow to the mucous-secreting acini and connective tissue septa of this minor salivary gland located in the soft palate.	PMID:1758683|PMID:39808103	UBERON:0001982	UBERON:0002447		http://purl.obolibrary.org/obo/uberon/core#added_by_HRA	2026-05-25T00:00:00Z	https://orcid.org/0000-0002-2999-0103	http://purl.obolibrary.org/obo/NCBITaxon_9606		CCF:ASCTB-TEMP_palatine-gland-capillary
http://purl.obolibrary.org/obo/UBERON_8930016	palatine tonsil capillary	A capillary that is part of the palatine tonsil.	PMID:37024450|PMID:36260813	UBERON:0001982	UBERON:0002373		http://purl.obolibrary.org/obo/uberon/core#added_by_HRA	2026-05-25T00:00:00Z	https://orcid.org/0000-0002-2999-0103	http://purl.obolibrary.org/obo/NCBITaxon_9606		CCF:ASCTB-TEMP_palatine-tonsil-capillary
http://purl.obolibrary.org/obo/UBERON_8930017	periductal capillary of accessory pancreatic duct	A capillary that is located adjacent to the accessory pancreatic duct and forms part of the periductal microvascular network that supplies blood to the duct epithelium and surrounding pancreatic tissue.	PMID:38708079	UBERON:0001982	UBERON:0005429		http://purl.obolibrary.org/obo/uberon/core#added_by_HRA	2026-05-25T00:00:00Z	https://orcid.org/0000-0002-2999-0103	http://purl.obolibrary.org/obo/NCBITaxon_9606		CCF:ASCTB-TEMP_periductal-capillary-of-accessory-pancreatic-duct
http://purl.obolibrary.org/obo/UBERON_8930018	periductal capillary of intercalated duct of pancreas	A capillary that surrounds and supplies blood to the intercalated duct of the pancreas, forming a perivascular network around the smallest pancreatic ductules where they emerge from acini.	PMID:253377	UBERON:0001982	UBERON:0014726		http://purl.obolibrary.org/obo/uberon/core#added_by_HRA	2026-05-25T00:00:00Z	https://orcid.org/0000-0002-2999-0103	http://purl.obolibrary.org/obo/NCBITaxon_9606		CCF:ASCTB-TEMP_periductal-capillary-of-intercalated-duct-of-pancreas
http://purl.obolibrary.org/obo/UBERON_8930019	periductal capillary of interlobular duct of pancreas	A capillary that is located adjacent to the interlobular ducts of the exocrine pancreas, forming part of the pancreatic microvascular network that supplies the ductal system.	PMID:41860163|PMID:42086456	UBERON:0001982	UBERON:0000017		http://purl.obolibrary.org/obo/uberon/core#added_by_HRA	2026-05-25T00:00:00Z	https://orcid.org/0000-0002-2999-0103	http://purl.obolibrary.org/obo/NCBITaxon_9606		CCF:ASCTB-TEMP_periductal-capillary-of-interlobular-duct-of-pancreas
http://purl.obolibrary.org/obo/UBERON_8930020	periductal capillary of intralobular duct of pancreas	A capillary that surrounds and supplies blood to the intralobular ducts within the pancreatic lobule, forming part of the periductal capillary network that supports pancreatic ductal transport.	PMID:253377	UBERON:0001982	UBERON:0007324		http://purl.obolibrary.org/obo/uberon/core#added_by_HRA	2026-05-25T00:00:00Z	https://orcid.org/0000-0002-2999-0103	http://purl.obolibrary.org/obo/NCBITaxon_9606		
http://purl.obolibrary.org/obo/UBERON_8930021	periductal capillary of main pancreatic duct	A capillary that surrounds the main pancreatic duct, forming part of the periductal microvascular plexus that supplies the ductal epithelium and participates in fluid exchange during pancreatic secretion.	PMID:16417468	UBERON:0001982	UBERON:0007329		http://purl.obolibrary.org/obo/uberon/core#added_by_HRA	2026-05-25T00:00:00Z	https://orcid.org/0000-0002-2999-0103	http://purl.obolibrary.org/obo/NCBITaxon_9606		CCF:ASCTB-TEMP_periductal-capillary-of-main-pancreatic-duct
http://purl.obolibrary.org/obo/UBERON_8930022	post-alveolar capillary	A capillary that is part of the pulmonary microcirculation and is located downstream of the alveolus, on the venous side of the alveolar-capillary gas exchange unit, where oxygenated blood begins to transition into venules.	DOI:10.1152/japplphysiol.01177.2009|PMID:20110543|PMID:10362720	UBERON:0016405	UBERON:0002048		http://purl.obolibrary.org/obo/uberon/core#added_by_HRA	2026-05-25T00:00:00Z	https://orcid.org/0000-0002-2999-0103	http://purl.obolibrary.org/obo/NCBITaxon_9606		CCF:ASCTB-TEMP_post-alveolar-capillary
http://purl.obolibrary.org/obo/UBERON_8930023	post-sheath open capillary of spleen	A capillary of the spleen characterized by lacking an ellipsoid sheath and located distal to sheathed regions in the splenic microcirculation, where blood flows directly into open channels before entering the red pulp sinuses.	PMID:16056254	UBERON:0001982	UBERON:0002106		http://purl.obolibrary.org/obo/uberon/core#added_by_HRA	2026-05-25T00:00:00Z	https://orcid.org/0000-0002-2999-0103	http://purl.obolibrary.org/obo/NCBITaxon_9606		CCF:ASCTB-TEMP_post-sheath-open-capillary-of-spleen
http://purl.obolibrary.org/obo/UBERON_8930024	pre-alveolar capillary	A pulmonary capillary located in the walls of pre-alveolar airways such as respiratory bronchioles and alveolar ducts, contributing to gas exchange in the respiratory zone proximal to the alveolar sacs.	DOI:10.1152/japplphysiol.01177.2009|PMID:20110543	UBERON:0016405	UBERON:0002048		http://purl.obolibrary.org/obo/uberon/core#added_by_HRA	2026-05-25T00:00:00Z	https://orcid.org/0000-0002-2999-0103	http://purl.obolibrary.org/obo/NCBITaxon_9606		CCF:ASCTB-TEMP_pre-alveolar-capillary
http://purl.obolibrary.org/obo/UBERON_8930025	secondary capillary plexus of anterior pituitary gland	A capillary plexus that forms a network of fenestrated sinusoid capillaries within the anterior pituitary gland, receiving blood from the hypophyseal portal veins that drain the primary capillary plexus of the median eminence, and serving as the site where hypothalamic releasing hormones stimulate or inhibit the secretion of anterior pituitary hormones.	https://basicmedicalkey.com/endocrine-system-3/|PMID:19837874|PMID:8481959	UBERON:0035753	UBERON:0002196		http://purl.obolibrary.org/obo/uberon/core#added_by_HRA	2026-05-25T00:00:00Z	https://orcid.org/0000-0002-2999-0103	http://purl.obolibrary.org/obo/NCBITaxon_9606		CCF:ASCTB-TEMP_secondary-capillary-plexus-of-anterior-pituitary-gland
http://purl.obolibrary.org/obo/UBERON_8930026	sheathed capillary of spleen	A capillary located within the red pulp of the spleen, characterized by a specialized sheath of reticular cells and fibers surrounding the endothelium that functions in mechanical blood filtration and removal of aged or damaged erythrocytes.	DOI:10.1007/s00418-013-1172-z|DOI:10.1111/j.1365-2559.1985.tb02841.x|DOI:10.1111/j.1365-2559.1986.tb02482.x|DOI:10.1111/imm.12469|DOI:10.1186/s13059-019-1906-x|DOI:10.1017/CBO9780511545979|DOI:10.1182/bloodadvances.2017015073|DOI:10.1007/s00418-020-01924-3|DOI:10.1371/journal.pone.0191019|PMID:24374344|PMID:25611090	UBERON:0001982	UBERON:0001250		http://purl.obolibrary.org/obo/uberon/core#added_by_HRA	2026-05-25T00:00:00Z	https://orcid.org/0000-0002-2999-0103	http://purl.obolibrary.org/obo/NCBITaxon_9606		CCF:ASCTB-TEMP_sheathed-capillary-of-spleen
http://purl.obolibrary.org/obo/UBERON_8930027	sublingual gland capillary	A capillary that is part of the sublingual gland, forming part of the microvascular network that supplies blood to the secretory acini and ductal structures of this minor salivary gland.	PMID:31202159	UBERON:0001982	UBERON:0001832		http://purl.obolibrary.org/obo/uberon/core#added_by_HRA	2026-05-25T00:00:00Z	https://orcid.org/0000-0002-2999-0103	http://purl.obolibrary.org/obo/NCBITaxon_9606		CCF:ASCTB-TEMP_sublingual-gland-capillary
http://purl.obolibrary.org/obo/UBERON_8930028	submandibular gland capillary	A capillary that is part of a submandibular gland.	PMID:33679695	UBERON:0001982	UBERON:0001736		http://purl.obolibrary.org/obo/uberon/core#added_by_HRA	2026-05-25T00:00:00Z	https://orcid.org/0000-0002-2999-0103	http://purl.obolibrary.org/obo/NCBITaxon_9606		CCF:ASCTB-TEMP_submandibular-gland-capillary
http://purl.obolibrary.org/obo/UBERON_8930029	superficial white pulp capillary of spleen	A capillary located in the outer (superficial) region of the white pulp of the spleen, supplying the periarteriolar lymphoid sheath and marginal zone with blood.	PMID:16056254	UBERON:0001982	UBERON:0001959		http://purl.obolibrary.org/obo/uberon/core#added_by_HRA	2026-05-25T00:00:00Z	https://orcid.org/0000-0002-2999-0103	http://purl.obolibrary.org/obo/NCBITaxon_9606		CCF:ASCTB-TEMP_superficial-white-pulp-capillary-of-spleen
http://purl.obolibrary.org/obo/UBERON_8930030	superior labial gland capillary	A capillary that is part of a labial gland and contributes to the microvasculature of the upper lip.	PMID:34422599|PMID:42044276	UBERON:0001982	UBERON:8480065		http://purl.obolibrary.org/obo/uberon/core#added_by_HRA	2026-05-25T00:00:00Z	https://orcid.org/0000-0002-2999-0103	http://purl.obolibrary.org/obo/NCBITaxon_9606		CCF:ASCTB-TEMP_superior-labial-gland-capillary
http://purl.obolibrary.org/obo/UBERON_8930031	tongue capillary	A capillary that is part of the tongue and participates in the microcirculation supplying blood to the tongue tissue, located within the connective tissue and beneath the epithelium.	PMID:31604544	UBERON:0001982	UBERON:0001723		http://purl.obolibrary.org/obo/uberon/core#added_by_HRA	2026-05-25T00:00:00Z	https://orcid.org/0000-0002-2999-0103	http://purl.obolibrary.org/obo/NCBITaxon_9606		CCF:ASCTB-TEMP_tongue-capillary
http://purl.obolibrary.org/obo/UBERON_8930032	Weber's gland capillary	A capillary that is part of Weber's gland, the lingual gland located on the lateral margins of the tongue at the level of the foliate papillae.	PMID:32119400	UBERON:0001982	UBERON:0034934		http://purl.obolibrary.org/obo/uberon/core#added_by_HRA	2026-05-25T00:00:00Z	https://orcid.org/0000-0002-2999-0103	http://purl.obolibrary.org/obo/NCBITaxon_9606		CCF:ASCTB-TEMP_weber-s-gland-capillary
