ID,Label,Subset tag
ID,,AI oboInOwl:inSubset
UBERON:8410062,parasympathetic cholinergic nerve,http://purl.obolibrary.org/obo/uberon/core#added_by_HRA
UBERON:8410071,subcapsular sinus ceiling,http://purl.obolibrary.org/obo/uberon/core#added_by_HRA
UBERON:8410072,subcapsular sinus floor,http://purl.obolibrary.org/obo/uberon/core#added_by_HRA
UBERON:8410074,lymph node paracortical sinus,http://purl.obolibrary.org/obo/uberon/core#added_by_HRA
UBERON:8410075,lymph node paracortical cord,http://purl.obolibrary.org/obo/uberon/core#added_by_HRA
UBERON:8420001,ethmoidal vein,http://purl.obolibrary.org/obo/uberon/core#added_by_HRA
UBERON:8420002,anterior ethmoidal vein,http://purl.obolibrary.org/obo/uberon/core#added_by_HRA
UBERON:8420003,posterior ethmoidal vein,http://purl.obolibrary.org/obo/uberon/core#added_by_HRA
UBERON:8480032,neck of pancreas,http://purl.obolibrary.org/obo/uberon/core#added_by_HRA
UBERON:8600000,lobular bronchiole,http://purl.obolibrary.org/obo/uberon/core#added_by_HRA
UBERON:8600001,epithelium of lobular bronchiole,http://purl.obolibrary.org/obo/uberon/core#added_by_HRA
UBERON:8600002,mucosa of lobular bronchiole,http://purl.obolibrary.org/obo/uberon/core#added_by_HRA
UBERON:8600003,smooth muscle tissue of lobular bronchiole,http://purl.obolibrary.org/obo/uberon/core#added_by_HRA
UBERON:8600004,visceral muscle tissue,http://purl.obolibrary.org/obo/uberon/core#added_by_HRA
UBERON:8600005,visceral smooth muscle tissue,http://purl.obolibrary.org/obo/uberon/core#added_by_HRA
UBERON:8600006,visceral striated muscle tissue,http://purl.obolibrary.org/obo/uberon/core#added_by_HRA
UBERON:8600007,visceral transversely striated muscle tissue,http://purl.obolibrary.org/obo/uberon/core#added_by_HRA
UBERON:8600008,visceral obliquely striated muscle tissue,http://purl.obolibrary.org/obo/uberon/core#added_by_HRA
UBERON:8600009,subsegmental bronchus,http://purl.obolibrary.org/obo/uberon/core#added_by_HRA
UBERON:8600010,bronchial submucosal gland ciliated duct,http://purl.obolibrary.org/obo/uberon/core#added_by_HRA
UBERON:8600011,tracheal submucosal gland ciliated duct,http://purl.obolibrary.org/obo/uberon/core#added_by_HRA
UBERON:8600012,submucosal gland acinus,http://purl.obolibrary.org/obo/uberon/core#added_by_HRA
UBERON:8600013,submucosal gland collecting duct,http://purl.obolibrary.org/obo/uberon/core#added_by_HRA
UBERON:8600014,submucosal gland ciliated duct,http://purl.obolibrary.org/obo/uberon/core#added_by_HRA
UBERON:8600015,posterior sector of right lobe of liver,http://purl.obolibrary.org/obo/uberon/core#added_by_HRA
UBERON:8600016,anterior sector of right lobe of liver,http://purl.obolibrary.org/obo/uberon/core#added_by_HRA
UBERON:8600017,bronchopulmonary segment,http://purl.obolibrary.org/obo/uberon/core#added_by_HRA
UBERON:8600018,neuroendocrine system,http://purl.obolibrary.org/obo/uberon/core#added_by_HRA
UBERON:8600019,placental basal plate,http://purl.obolibrary.org/obo/uberon/core#added_by_HRA
UBERON:8600020,placental septum,http://purl.obolibrary.org/obo/uberon/core#added_by_HRA
UBERON:8600021,chorionic plate blood vessel,http://purl.obolibrary.org/obo/uberon/core#added_by_HRA
UBERON:8600022,pulmonary interlobular septum,http://purl.obolibrary.org/obo/uberon/core#added_by_HRA
UBERON:8600023,placental villous stroma,http://purl.obolibrary.org/obo/uberon/core#added_by_HRA
UBERON:8600024,pulmonary venule,http://purl.obolibrary.org/obo/uberon/core#added_by_HRA
UBERON:8600025,intervillous space,http://purl.obolibrary.org/obo/uberon/core#added_by_HRA
UBERON:8600026,chorionic villous tree,http://purl.obolibrary.org/obo/uberon/core#added_by_HRA
UBERON:8600027,chorionic stem villus,http://purl.obolibrary.org/obo/uberon/core#added_by_HRA
UBERON:8600028,chorionic mesenchymal villus,http://purl.obolibrary.org/obo/uberon/core#added_by_HRA
UBERON:8600029,chorionic immature intermediate villus',http://purl.obolibrary.org/obo/uberon/core#added_by_HRA
UBERON:8600030,chorionic terminal villus,http://purl.obolibrary.org/obo/uberon/core#added_by_HRA
UBERON:8600031,chorionic mature intermediate villus,http://purl.obolibrary.org/obo/uberon/core#added_by_HRA
UBERON:8600032,chorionic floating villus,http://purl.obolibrary.org/obo/uberon/core#added_by_HRA
UBERON:8600033,chorionic anchoring villus,http://purl.obolibrary.org/obo/uberon/core#added_by_HRA
UBERON:8600034,jejunum lamina propria,http://purl.obolibrary.org/obo/uberon/core#added_by_HRA
UBERON:8600035,ileum lamina propria ,http://purl.obolibrary.org/obo/uberon/core#added_by_HRA
UBERON:8600036,kidney loop of Henle long descending thin limb outer medulla,http://purl.obolibrary.org/obo/uberon/core#added_by_HRA
UBERON:8600037,kidney loop of Henle long descending thin limb inner medulla,http://purl.obolibrary.org/obo/uberon/core#added_by_HRA
UBERON:8600038,placental disc,http://purl.obolibrary.org/obo/uberon/core#added_by_HRA
UBERON:8600039,chorionic villous mesenchyme,http://purl.obolibrary.org/obo/uberon/core#added_by_HRA
UBERON:8600040,chorionic stem villous blood vessel,http://purl.obolibrary.org/obo/uberon/core#added_by_HRA
UBERON:8600041,chorionic terminal villous capillary,http://purl.obolibrary.org/obo/uberon/core#added_by_HRA
UBERON:8600042,endometrial lymphatic vessel,http://purl.obolibrary.org/obo/uberon/core#added_by_HRA
UBERON:8600043,lateral wall of urinary bladder,http://purl.obolibrary.org/obo/uberon/core#added_by_HRA
UBERON:8600044,left lateral wall of urinary bladder,http://purl.obolibrary.org/obo/uberon/core#added_by_HRA
UBERON:8600045,right lateral wall of urinary bladder,http://purl.obolibrary.org/obo/uberon/core#added_by_HRA
UBERON:8600046,anterior wall of urinary bladder,http://purl.obolibrary.org/obo/uberon/core#added_by_HRA
UBERON:8600047,posterior wall of urinary bladder,http://purl.obolibrary.org/obo/uberon/core#added_by_HRA
UBERON:8600048,apex of urinary bladder,http://purl.obolibrary.org/obo/uberon/core#added_by_HRA
UBERON:8600049,dome of urinary bladder,http://purl.obolibrary.org/obo/uberon/core#added_by_HRA
UBERON:8600050,trophoblast island,http://purl.obolibrary.org/obo/uberon/core#added_by_HRA
UBERON:8600051,segmental pulmonary vein,http://purl.obolibrary.org/obo/uberon/core#added_by_HRA
UBERON:8600052,subsegmental pulmonary vein,http://purl.obolibrary.org/obo/uberon/core#added_by_HRA
UBERON:8600053,esophageal vein,http://purl.obolibrary.org/obo/uberon/core#added_by_HRA
UBERON:8600054,supreme intercostal vein,http://purl.obolibrary.org/obo/uberon/core#added_by_HRA
UBERON:8600055,atrioventricular nodal artery,http://purl.obolibrary.org/obo/uberon/core#added_by_HRA
UBERON:8600056,lateral sacral vein,http://purl.obolibrary.org/obo/uberon/core#added_by_HRA
UBERON:8600057,middle hemorrhoidal vein,http://purl.obolibrary.org/obo/uberon/core#added_by_HRA
UBERON:8600058,uterine vein,http://purl.obolibrary.org/obo/uberon/core#added_by_HRA
UBERON:8600059,deep cervical vein,http://purl.obolibrary.org/obo/uberon/core#added_by_HRA
UBERON:8600060,subsegmental pulmonary artery,http://purl.obolibrary.org/obo/uberon/core#added_by_HRA
UBERON:8600061,intra-acinar venule,http://purl.obolibrary.org/obo/uberon/core#added_by_HRA
UBERON:8600062,thyrocervical trunk,http://purl.obolibrary.org/obo/uberon/core#added_by_HRA
UBERON:8600063,septal perforating artery,http://purl.obolibrary.org/obo/uberon/core#added_by_HRA
UBERON:8600064,posterolateral artery,http://purl.obolibrary.org/obo/uberon/core#added_by_HRA
UBERON:8600065,lateral femoral circumflex vein,http://purl.obolibrary.org/obo/uberon/core#added_by_HRA
UBERON:8600066,basivertebral vein,http://purl.obolibrary.org/obo/uberon/core#added_by_HRA
UBERON:8600067,bronchial venule,http://purl.obolibrary.org/obo/uberon/core#added_by_HRA
UBERON:8600068,mental vein,http://purl.obolibrary.org/obo/uberon/core#added_by_HRA
UBERON:8600069,deep lingual vein,http://purl.obolibrary.org/obo/uberon/core#added_by_HRA
UBERON:8600070,dorsal lingual vein,http://purl.obolibrary.org/obo/uberon/core#added_by_HRA
UBERON:8600071,sublingual vein,http://purl.obolibrary.org/obo/uberon/core#added_by_HRA
UBERON:8600072,glandular venous plexus,http://purl.obolibrary.org/obo/uberon/core#added_by_HRA
UBERON:8600073,circumflex humeral vein,http://purl.obolibrary.org/obo/uberon/core#added_by_HRA
UBERON:8600074,thoracoacromial vein,http://purl.obolibrary.org/obo/uberon/core#added_by_HRA
UBERON:8600075,transverse cervical vein,http://purl.obolibrary.org/obo/uberon/core#added_by_HRA
UBERON:8600076,suboccipital venous plexus,http://purl.obolibrary.org/obo/uberon/core#added_by_HRA
UBERON:8600077,pulmonary arteriole,http://purl.obolibrary.org/obo/uberon/core#added_by_HRA
UBERON:8600078,ascending pharyngeal artery,http://purl.obolibrary.org/obo/uberon/core#added_by_HRA
UBERON:8600079,dural artery,http://purl.obolibrary.org/obo/uberon/core#added_by_HRA
UBERON:8600080,pericardial artery,http://purl.obolibrary.org/obo/uberon/core#added_by_HRA
UBERON:8600081,percardiacophrenic artery,http://purl.obolibrary.org/obo/uberon/core#added_by_HRA
UBERON:8600082,superficial iliac circumflex vein,http://purl.obolibrary.org/obo/uberon/core#added_by_HRA
UBERON:8600083,fibular vein,http://purl.obolibrary.org/obo/uberon/core#added_by_HRA
UBERON:8600084,prostatic venule,http://purl.obolibrary.org/obo/uberon/core#added_by_HRA
UBERON:8600085,hepatic portal venule,http://purl.obolibrary.org/obo/uberon/core#added_by_HRA
UBERON:8600086,incisor artery,http://purl.obolibrary.org/obo/uberon/core#added_by_HRA
UBERON:8600087,external nasal vein,http://purl.obolibrary.org/obo/uberon/core#added_by_HRA
UBERON:8600088,supratrochlear vein,http://purl.obolibrary.org/obo/uberon/core#added_by_HRA
UBERON:8600089,transverse nasal root vein,http://purl.obolibrary.org/obo/uberon/core#added_by_HRA
UBERON:8600090,hypophyseal vein,http://purl.obolibrary.org/obo/uberon/core#added_by_HRA
UBERON:8600091,inferior anastomotic vein,http://purl.obolibrary.org/obo/uberon/core#added_by_HRA
UBERON:8600092,radial vein,http://purl.obolibrary.org/obo/uberon/core#added_by_HRA
UBERON:8600093,ulnar vein,http://purl.obolibrary.org/obo/uberon/core#added_by_HRA
UBERON:8600094,intra-acinar arteriole,http://purl.obolibrary.org/obo/uberon/core#added_by_HRA
UBERON:8600095,ascending palatine artery,http://purl.obolibrary.org/obo/uberon/core#added_by_HRA
UBERON:8600096,submental artery,http://purl.obolibrary.org/obo/uberon/core#added_by_HRA
UBERON:8600097,deep lingual artery,http://purl.obolibrary.org/obo/uberon/core#added_by_HRA
UBERON:8600098,dorsal lingual artery,http://purl.obolibrary.org/obo/uberon/core#added_by_HRA
UBERON:8600099,accessory meningeal artery,http://purl.obolibrary.org/obo/uberon/core#added_by_HRA
UBERON:8600100,artery of pterygoid canal,http://purl.obolibrary.org/obo/uberon/core#added_by_HRA
UBERON:8600101,descending palatine artery,http://purl.obolibrary.org/obo/uberon/core#added_by_HRA
UBERON:8600102,left anterior descending artery,http://purl.obolibrary.org/obo/uberon/core#added_by_HRA
UBERON:8600103,anterior internal vertebral venous plexus,http://purl.obolibrary.org/obo/uberon/core#added_by_HRA
UBERON:8600104,intervertebral vein,http://purl.obolibrary.org/obo/uberon/core#added_by_HRA
UBERON:8600105,lumbar vein,http://purl.obolibrary.org/obo/uberon/core#added_by_HRA
UBERON:8600106,anterior humeral circumflex artery,http://purl.obolibrary.org/obo/uberon/core#added_by_HRA
UBERON:8600107,posterior humeral circumflex artery,http://purl.obolibrary.org/obo/uberon/core#added_by_HRA
UBERON:8600108,proximal ureter,http://purl.obolibrary.org/obo/uberon/core#added_by_HRA
UBERON:8600109,distal ureter,http://purl.obolibrary.org/obo/uberon/core#added_by_HRA
UBERON:8600110,intramural ureter,http://purl.obolibrary.org/obo/uberon/core#added_by_HRA
UBERON:8600111,right distal ureter,http://purl.obolibrary.org/obo/uberon/core#added_by_HRA
UBERON:8600112,left distal ureter,http://purl.obolibrary.org/obo/uberon/core#added_by_HRA
UBERON:8600113,right proximal ureter,http://purl.obolibrary.org/obo/uberon/core#added_by_HRA
UBERON:8600114,left proximal ureter,http://purl.obolibrary.org/obo/uberon/core#added_by_HRA
UBERON:8600115,right intramural ureter,http://purl.obolibrary.org/obo/uberon/core#added_by_HRA
UBERON:8600116,left intramural ureter,http://purl.obolibrary.org/obo/uberon/core#added_by_HRA
UBERON:8600117,antimesosalpinx,http://purl.obolibrary.org/obo/uberon/core#added_by_HRA
UBERON:8600118,myenteric ganglion,http://purl.obolibrary.org/obo/uberon/core#added_by_HRA
UBERON:8600119,myenteric ganglion of small intestine,http://purl.obolibrary.org/obo/uberon/core#added_by_HRA
UBERON:8600120,atrial intrinsic cardiac ganglion,http://purl.obolibrary.org/obo/uberon/core#added_by_HRA
UBERON:8600121,lumbar ganglion,http://purl.obolibrary.org/obo/uberon/core#added_by_HRA
UBERON:8600122,sacral ganglion,http://purl.obolibrary.org/obo/uberon/core#added_by_HRA
UBERON:8600123,lower airway ganglion,http://purl.obolibrary.org/obo/uberon/core#added_by_HRA
UBERON:8600124,fallopian tube epithelium,http://purl.obolibrary.org/obo/uberon/core#added_by_HRA
UBERON:8600125,superior fallopian tube epithelium,http://purl.obolibrary.org/obo/uberon/core#added_by_HRA
UBERON:8600126,inferior fallopian tube epithelium,http://purl.obolibrary.org/obo/uberon/core#added_by_HRA
UBERON:8600127,mesosalpinx-proximal fallopian tube epithelium,http://purl.obolibrary.org/obo/uberon/core#added_by_HRA
UBERON:8600128,antimesosalpinx-proximal fallopian tube epithelium,http://purl.obolibrary.org/obo/uberon/core#added_by_HRA
UBERON:8600129,corpus hemorrhagicum,http://purl.obolibrary.org/obo/uberon/core#added_by_HRA
UBERON:8600130,superior muscular layer of fallopian tube,http://purl.obolibrary.org/obo/uberon/core#added_by_HRA
UBERON:8600131,inferior muscular layer of fallopian tube,http://purl.obolibrary.org/obo/uberon/core#added_by_HRA
UBERON:8600132,mesosalpinx-proximal muscular layer of fallopian tube,http://purl.obolibrary.org/obo/uberon/core#added_by_HRA
UBERON:8600133,antimesosalpinx-proximal muscular layer of fallopian tube,http://purl.obolibrary.org/obo/uberon/core#added_by_HRA
UBERON:8920000,anterior ciliary artery,http://purl.obolibrary.org/obo/uberon/core#added_by_HRA
UBERON:8920001,short posterior ciliary artery,http://purl.obolibrary.org/obo/uberon/core#added_by_HRA
UBERON:8920002,long posterior ciliary artery,http://purl.obolibrary.org/obo/uberon/core#added_by_HRA
UBERON:8920003,right marginal artery,http://purl.obolibrary.org/obo/uberon/core#added_by_HRA
UBERON:8920004,segmental renal artery,http://purl.obolibrary.org/obo/uberon/core#added_by_HRA
UBERON:8920005,superior segmental renal artery,http://purl.obolibrary.org/obo/uberon/core#added_by_HRA
UBERON:8920006,anterior superior segmental renal artery,http://purl.obolibrary.org/obo/uberon/core#added_by_HRA
UBERON:8920007,anterior inferior segmental renal artery,http://purl.obolibrary.org/obo/uberon/core#added_by_HRA
UBERON:8920008,inferior segmental renal artery,http://purl.obolibrary.org/obo/uberon/core#added_by_HRA
UBERON:8920009,posterior segmental renal artery,http://purl.obolibrary.org/obo/uberon/core#added_by_HRA
UBERON:8920010,left marginal vein,http://purl.obolibrary.org/obo/uberon/core#added_by_HRA
UBERON:8920011,stellate vein of kidney,http://purl.obolibrary.org/obo/uberon/core#added_by_HRA
UBERON:8920012,segmental renal vein,http://purl.obolibrary.org/obo/uberon/core#added_by_HRA
UBERON:8920013,anterior ciliary vein,http://purl.obolibrary.org/obo/uberon/core#added_by_HRA
UBERON:8920014,left bronchial vein,http://purl.obolibrary.org/obo/uberon/core#added_by_HRA
UBERON:8920015,right bronchial vein,http://purl.obolibrary.org/obo/uberon/core#added_by_HRA
UBERON:8920016,right inferior pulmonary vein,http://purl.obolibrary.org/obo/uberon/core#added_by_HRA
UBERON:8920017,left inferior pulmonary vein,http://purl.obolibrary.org/obo/uberon/core#added_by_HRA
UBERON:8920018,right superior pulmonary vein,http://purl.obolibrary.org/obo/uberon/core#added_by_HRA
UBERON:8920019,left superior pulmonary vein,http://purl.obolibrary.org/obo/uberon/core#added_by_HRA